season,gender,race_id,race_name,category,race_nationality,uci_race_classification,stage_race_boolean,start_date,end_date,race_tag
2023,Men,677,Giro del Sol San Juan,Road,AR,2.2,Stage Race,2023/01/06,2023/01/08,
2023,Men,456,NZ Cycle Classic,Road,NZ,2.2,Stage Race,2023/01/11,2023/01/15,
2023,Men,454,Vuelta al Táchira,Road,VE,2.2,Stage Race,2023/01/15,2023/01/22,
2023,Men,1,Tour Down Under,Road,AU,2.UWT,Stage Race,2023/01/17,2023/01/22,
2023,Men,8467,Gravel and Tar,Road,NZ,1.2,One Day,2023/01/21,2023/01/21,
2023,Men,411,Clàssica Comunitat Valenciana 1969 - GP Valencia,Road,ES,1.1,One Day,2023/01/22,2023/01/22,
2023,Men,5247,Vuelta a San Juan,Road,AR,2.Pro,Stage Race,2023/01/22,2023/01/29,
2023,Men,117,Tropicale Amissa Bongo,Road,GA,2.1,Stage Race,2023/01/23,2023/01/29,
2023,Men,271,Trofeo Calvia,Road,ES,1.1,One Day,2023/01/25,2023/01/25,
2023,Men,273,Trofeo Alcudia - Port d'Alcudia,Road,ES,1.1,One Day,2023/01/26,2023/01/26,
2023,Men,460,Tour of Sharjah,Road,AE,2.2,Stage Race,2023/01/27,2023/01/31,
2023,Men,274,Trofeo Andratx,Road,ES,1.1,One Day,2023/01/27,2023/01/27,
2023,Men,20014,Grand Prix Aspendos,Road,TR,1.2,One Day,2023/01/28,2023/01/28,
2023,Men,100,Trofeo Serra de Tramuntana,Road,ES,1.1,One Day,2023/01/28,2023/01/28,
2023,Men,1172,Cadel Road Race,Road,AU,1.UWT,One Day,2023/01/29,2023/01/29,
2023,Men,83,Trofeo Palma,Road,ES,1.1,One Day,2023/01/29,2023/01/29,
2023,Men,97,GP la Marseillaise,Road,FR,1.1,One Day,2023/01/29,2023/01/29,
2023,Men,868,AlUla Tour,Road,SA,2.1,Stage Race,2023/01/30,2023/02/03,
2023,Men,11406,Tour du Sahel,Road,MR,2.2,Stage Race,2023/02/01,2023/02/05,
2023,Men,13738,Vuelta del Porvenir San Luis,Road,AR,2.2,Stage Race,2023/02/01,2023/02/05,
2023,Men,319,Volta Comunitat Valenciana,Road,ES,2.Pro,Stage Race,2023/02/01,2023/02/05,
2023,Men,106,Étoile de Bessèges,Road,FR,2.1,Stage Race,2023/02/01,2023/02/05,
2023,Men,20015,Grand Prix Apollon Temple,Road,TR,1.2,One Day,2023/02/04,2023/02/04,
2023,Men,369,Africa ITT,Road,,CCTT,One Day,2023/02/09,2023/02/09,
2023,Men,20310,Africa ITT-U23,Road,,CCUT,One Day,2023/02/09,2023/02/09,
2023,Men,18946,Muscat Classic,Road,OM,1.1,One Day,2023/02/10,2023/02/10,
2023,Men,57,Tour of Oman,Road,OM,2.Pro,Stage Race,2023/02/11,2023/02/15,
2023,Men,74,Vuelta a Murcia,Road,ES,1.1,One Day,2023/02/11,2023/02/11,
2023,Men,18947,Figueira Champions Classic,Road,PT,1.1,One Day,2023/02/12,2023/02/12,
2023,Men,129,Clasica de Almeria,Road,ES,1.Pro,One Day,2023/02/12,2023/02/12,
2023,Men,370,Africa RR,Road,,CCRR,One Day,2023/02/13,2023/02/13,
2023,Men,16519,Jaén Paraiso Interior,Road,ES,1.1,One Day,2023/02/13,2023/02/13,
2023,Men,110,Vuelta a Andalucía,Road,ES,2.Pro,Stage Race,2023/02/15,2023/02/19,
2023,Men,107,Volta ao Algarve,Road,PT,2.Pro,Stage Race,2023/02/15,2023/02/19,
2023,Men,111,Tour Alpes Maritimes du Var,Road,FR,2.1,Stage Race,2023/02/17,2023/02/19,
2023,Men,450,Tour of Rwanda,Road,RW,2.1,Stage Race,2023/02/19,2023/02/26,
2023,Men,9800,UAE Tour,Road,AE,2.UWT,Stage Race,2023/02/20,2023/02/26,
2023,Men,16526,Gran Camiño,Road,ES,2.1,Stage Race,2023/02/23,2023/02/26,
2023,Men,53,Omloop Het Nieuwsblad,Road,BE,1.UWT,One Day,2023/02/25,2023/02/25,Cobbled Classic
2023,Men,121,Faun-Ardèche Classic,Road,FR,1.Pro,One Day,2023/02/25,2023/02/25,
2023,Men,432,La Drome Classic,Road,FR,1.Pro,One Day,2023/02/26,2023/02/26,
2023,Men,84,Kuurne-Brussel-Kuurne,Road,BE,1.Pro,One Day,2023/02/26,2023/02/26,Cobbled Classic
2023,Men,116,Le Samyn,Road,BE,1.1,One Day,2023/02/28,2023/02/28,Cobbled Classic
2023,Men,112,Trofeo Laigueglia,Road,IT,1.Pro,One Day,2023/03/01,2023/03/01,
2023,Men,277,Umag Trophy,Road,HR,1.2,One Day,2023/03/01,2023/03/01,
2023,Men,20017,Alanya Cup,Road,TR,1.2,One Day,2023/03/04,2023/03/04,
2023,Men,539,GP Criquielion,Road,BE,1.1,One Day,2023/03/04,2023/03/04,
2023,Men,18953,Le Tour des 100 Communes,Road,FR,1.2,One Day,2023/03/04,2023/03/04,
2023,Men,16525,South Aegean Tour,Road,GR,2.2,Stage Race,2023/03/04,2023/03/05,
2023,Men,283,Ster van Zwolle,Road,NL,1.2,One Day,2023/03/04,2023/03/04,
2023,Men,54,Strade Bianche,Road,IT,1.UWT,One Day,2023/03/04,2023/03/04,
2023,Men,284,GP Lillers,Road,FR,1.2,One Day,2023/03/05,2023/03/05,
2023,Men,278,Porec Trophy,Road,HR,1.2,One Day,2023/03/05,2023/03/05,
2023,Men,2729,GP Jean-Pierre Monseré,Road,BE,1.1,One Day,2023/03/05,2023/03/05,
2023,Men,2,Paris-Nice,Road,FR,2.UWT,Stage Race,2023/03/05,2023/03/12,
2023,Men,3,Tirreno-Adriatico,Road,IT,2.UWT,Stage Race,2023/03/06,2023/03/12,
2023,Men,465,Tour d'Algérie,Road,DZ,2.2,Stage Race,2023/03/07,2023/03/16,
2023,Men,276,Istrian Spring Trophy,Road,HR,2.2,Stage Race,2023/03/09,2023/03/12,
2023,Men,7005,Rhodes Grand Prix,Road,GR,1.2,One Day,2023/03/11,2023/03/11,
2023,Men,510,Dorpenomloop Rucphen,Road,NL,1.2,One Day,2023/03/12,2023/03/12,
2023,Men,131,Ronde van Drenthe,Road,NL,1.1,One Day,2023/03/12,2023/03/12,
2023,Men,132,Tour de Taiwan,Road,TW,2.1,Stage Race,2023/03/12,2023/03/16,
2023,Men,89,Milano - Torino,Road,IT,1.Pro,One Day,2023/03/15,2023/03/15,
2023,Men,122,Nokere Koerse,Road,BE,1.Pro,One Day,2023/03/15,2023/03/15,
2023,Men,844,Tour of Rhodes,Road,GR,2.2,Stage Race,2023/03/16,2023/03/19,
2023,Men,146,GP de Denain,Road,FR,1.Pro,One Day,2023/03/16,2023/03/16,
2023,Men,8772,GP de la Ville d'Alger,Road,DZ,1.2,One Day,2023/03/17,2023/03/17,
2023,Men,10673,Youngster Coast Challenge,Road,BE,1.2U,One Day,2023/03/17,2023/03/17,
2023,Men,123,Bredene Koksijde Classic,Road,BE,1.Pro,One Day,2023/03/17,2023/03/17,
2023,Men,124,Classic Loire Atlantique,Road,FR,1.1,One Day,2023/03/18,2023/03/18,
2023,Men,4,Milano - Sanremo,Road,IT,1.UWT,One Day,2023/03/18,2023/03/18,Monument
2023,Men,125,Cholet Agglo Tour,Road,FR,1.1,One Day,2023/03/19,2023/03/19,
2023,Men,7004,Classica da Arrábida,Road,PT,1.2,One Day,2023/03/19,2023/03/19,
2023,Men,508,GP Slovenian Istria,Road,SI,1.2,One Day,2023/03/19,2023/03/19,
2023,Men,15066,Per Sempre Alfredo,Road,IT,1.1,One Day,2023/03/19,2023/03/19,
2023,Men,1194,Popolarissima,Road,IT,1.2,One Day,2023/03/19,2023/03/19,
2023,Men,14,Volta Catalunya,Road,ES,2.UWT,Stage Race,2023/03/20,2023/03/26,
2023,Men,114,Coppi e Bartali,Road,IT,2.1,Stage Race,2023/03/21,2023/03/25,
2023,Men,340,Olympia's Tour,Road,NL,2.2,Stage Race,2023/03/22,2023/03/26,
2023,Men,288,Volta ao Alentejo,Road,PT,2.2,Stage Race,2023/03/22,2023/03/26,
2023,Men,40,Classic Brugge-De Panne,Road,BE,1.UWT,One Day,2023/03/22,2023/03/22,
2023,Men,16527,GP Vipava Valley,Road,SI,1.2,One Day,2023/03/23,2023/03/23,
2023,Men,47,E3 Saxo Classic,Road,BE,1.UWT,One Day,2023/03/24,2023/03/24,Cobbled Classic
2023,Men,937,GP Adria Mobil,Road,SI,1.2,One Day,2023/03/26,2023/03/26,
2023,Men,20016,Syedra Ancient City,Road,TR,1.2,One Day,2023/03/26,2023/03/26,
2023,Men,3999,Gent - Wevelgem,Road,BE,1.2U,One Day,2023/03/26,2023/03/26,
2023,Men,7,Gent - Wevelgem,Road,BE,1.UWT,One Day,2023/03/26,2023/03/26,Cobbled Classic
2023,Men,263,GP Industria &amp; Artigianato,Road,IT,1.Pro,One Day,2023/03/26,2023/03/26,
2023,Men,260,La Roue Tourangelle,Road,FR,1.1,One Day,2023/03/26,2023/03/26,
2023,Men,75,Dwars door Vlaanderen,Road,BE,1.UWT,One Day,2023/03/29,2023/03/29,Cobbled Classic
2023,Men,17278,Vuelta Bantrab,Road,GT,2.2,Stage Race,2023/03/29,2023/04/02,
2023,Men,358,Oceania ITT,Road,,CCTT,One Day,2023/03/30,2023/03/30,
2023,Men,360,Oceania ITT-U23,Road,,CCUT,One Day,2023/03/30,2023/03/30,
2023,Men,134,Route Adélie de Vitré,Road,FR,1.1,One Day,2023/03/31,2023/03/31,
2023,Men,357,Oceania RR,Road,,CCRR,One Day,2023/04/01,2023/04/01,
2023,Men,507,Tour of Thailand,Road,TH,2.1,Stage Race,2023/04/01,2023/04/06,
2023,Men,48,GP Miguel Indurain,Road,ES,1.Pro,One Day,2023/04/01,2023/04/01,
2023,Men,126,Volta Limburg Classic,Road,NL,1.1,One Day,2023/04/01,2023/04/01,
2023,Men,297,Trofeo PIVA,Road,IT,1.2U,One Day,2023/04/02,2023/04/02,
2023,Men,5,Ronde van Vlaanderen,Road,BE,1.UWT,One Day,2023/04/02,2023/04/02,Monument
2023,Men,6,Itzulia Basque Country,Road,ES,2.UWT,Stage Race,2023/04/03,2023/04/08,
2023,Men,217,Pays de la Loire Tour,Road,FR,2.1,Stage Race,2023/04/04,2023/04/07,
2023,Men,56,Scheldeprijs,Road,BE,1.Pro,One Day,2023/04/05,2023/04/05,Cobbled Classic
2023,Men,293,Circuit des Ardennes,Road,FR,2.2,Stage Race,2023/04/06,2023/04/09,
2023,Men,8,Paris-Roubaix,Road,FR,1.UWT,One Day,2023/04/09,2023/04/09,Monument
2023,Men,295,Giro del Belvedere,Road,IT,1.2U,One Day,2023/04/10,2023/04/10,
2023,Men,296,GP Palio del Recioto,Road,IT,1.2U,One Day,2023/04/11,2023/04/11,
2023,Men,145,Paris - Camembert,Road,FR,1.1,One Day,2023/04/11,2023/04/11,
2023,Men,11248,Giro di Sicilia,Road,IT,2.1,Stage Race,2023/04/11,2023/04/14,
2023,Men,294,Tour du Loir-et-Cher,Road,FR,2.2,Stage Race,2023/04/12,2023/04/16,
2023,Men,77,Brabantse Pijl,Road,BE,1.Pro,One Day,2023/04/12,2023/04/12,Cobbled Classic
2023,Men,1029,Central American Championship ITT,Road,,1.2,One Day,2023/04/14,2023/04/14,
2023,Men,14584,Central American Championship ITT-U23,Road,,1.2U,One Day,2023/04/14,2023/04/14,
2023,Men,15075,Classic Grand Besançon Doubs,Road,FR,1.1,One Day,2023/04/14,2023/04/14,
2023,Men,428,Arno Wallaard Mem.,Road,NL,1.2,One Day,2023/04/15,2023/04/15,
2023,Men,14585,Central American Championship RR-U23,Road,,1.2U,One Day,2023/04/15,2023/04/15,
2023,Men,1285,Tour du Jura,Road,FR,1.1,One Day,2023/04/15,2023/04/15,
2023,Men,42,LBL Espoirs,Road,BE,1.2U,One Day,2023/04/15,2023/04/15,
2023,Men,1028,Central American Championship RR,Road,,1.2,One Day,2023/04/16,2023/04/16,
2023,Men,318,Tr. S. Vendemiano,Road,IT,1.2U,One Day,2023/04/16,2023/04/16,
2023,Men,9,Amstel Gold Race,Road,NL,1.UWT,One Day,2023/04/16,2023/04/16,
2023,Men,162,Tour du Doubs,Road,FR,1.1,One Day,2023/04/16,2023/04/16,
2023,Men,108,Giro Reggio Calabria,Road,IT,1.1,One Day,2023/04/16,2023/04/16,
2023,Men,62,Tour of the Alps,Road,IT,2.Pro,Stage Race,2023/04/17,2023/04/21,
2023,Men,9018,Belgrade Banjaluka,Road,BA,2.2,Stage Race,2023/04/19,2023/04/22,
2023,Men,367,Pan-America ITT,Road,,CCTT,One Day,2023/04/19,2023/04/19,
2023,Men,368,Pan-America ITT-U23,Road,,CCUT,One Day,2023/04/19,2023/04/19,
2023,Men,10,La Flèche Wallonne,Road,BE,1.UWT,One Day,2023/04/19,2023/04/19,
2023,Men,366,Pan-America RR-U23,Road,,CCU,One Day,2023/04/22,2023/04/22,
2023,Men,365,Pan-America RR,Road,,CCRR,One Day,2023/04/23,2023/04/23,
2023,Men,11,Liege-Bastogne-Liege,Road,BE,1.UWT,One Day,2023/04/23,2023/04/23,Monument
2023,Men,521,Rutland - Melton Classic,Road,GB,1.2,One Day,2023/04/23,2023/04/23,
2023,Men,312,GP Liberazione,Road,IT,1.2U,One Day,2023/04/25,2023/04/25,
2023,Men,82,Tour de Bretagne,Road,FR,2.2,Stage Race,2023/04/25,2023/05/01,
2023,Men,12,Tour de Romandie,Road,CH,2.UWT,Stage Race,2023/04/25,2023/04/30,
2023,Men,239,Tour of the Gila,Road,US,2.2,Stage Race,2023/04/26,2023/04/30,
2023,Men,153,Vuelta a Asturias,Road,ES,2.1,Stage Race,2023/04/28,2023/04/30,
2023,Men,314,Carpathian Race,Road,PL,2.2U,Stage Race,2023/04/29,2023/05/03,
2023,Men,1047,GP Vorarlberg,Road,AT,1.2,One Day,2023/04/30,2023/04/30,
2023,Men,535,Circuito del Porto,Road,IT,1.2,One Day,2023/05/01,2023/05/01,
2023,Men,252,Eschborn-Frankfurt,Road,DE,1.2U,One Day,2023/05/01,2023/05/01,
2023,Men,35,Eschborn-Frankfurt,Road,DE,1.UWT,One Day,2023/05/01,2023/05/01,
2023,Men,6156,Tour du Bénin,Road,BJ,2.2,Stage Race,2023/05/02,2023/05/06,
2023,Men,513,Tour of Hellas,Road,GR,2.1,Stage Race,2023/05/02,2023/05/06,
2023,Men,3672,Vuelta a Catamarca,Road,AR,2.2,Stage Race,2023/05/04,2023/05/07,
2023,Men,180,GP de Plumelec-Morbihan,Road,FR,1.Pro,One Day,2023/05/06,2023/05/06,
2023,Men,577,Ronde van Overijssel,Road,NL,1.2,One Day,2023/05/06,2023/05/06,
2023,Men,73,Sundvolden GP,Road,NO,1.2,One Day,2023/05/06,2023/05/06,
2023,Men,13,Giro d'Italia,Road,IT,2.UWT,Stage Race,2023/05/06,2023/05/28,Grand Tour
2023,Men,554,Flèche Ardennaise,Road,BE,1.2,One Day,2023/05/07,2023/05/07,
2023,Men,49,Ringerike GP,Road,NO,1.2,One Day,2023/05/07,2023/05/07,
2023,Men,148,Tro-Bro Leon,Road,FR,1.Pro,One Day,2023/05/07,2023/05/07,
2023,Men,41,Paris - Roubaix Espoirs,Road,FR,1.2U,One Day,2023/05/07,2023/05/07,
2023,Men,20782,The Tour Oqtosh - Chorvoq - Mountain I,Road,UZ,1.2,One Day,2023/05/10,2023/05/10,
2023,Men,765,Tour de Hongrie,Road,HU,2.Pro,Stage Race,2023/05/10,2023/05/14,
2023,Men,20783,The Tour Oqtosh - Chorvoq - Mountain II,Road,UZ,1.2,One Day,2023/05/11,2023/05/11,
2023,Men,17336,Vuelta a Formosa Internacional,Road,AR,2.2,Stage Race,2023/05/11,2023/05/14,
2023,Men,527,SEA Games RR,Road,,RCRR,One Day,2023/05/12,2023/05/12,
2023,Men,72,GP Herning,Road,DK,1.2,One Day,2023/05/13,2023/05/13,
2023,Men,19320,Tour of Bostonliq I,Road,UZ,1.2,One Day,2023/05/13,2023/05/13,
2023,Men,147,Tour du Finistère,Road,FR,1.1,One Day,2023/05/13,2023/05/13,
2023,Men,182,Boucles de l'Aulne,Road,FR,1.1,One Day,2023/05/14,2023/05/14,
2023,Men,736,Fyen Rundt,Road,DK,1.2,One Day,2023/05/14,2023/05/14,
2023,Men,313,GP Marmo,Road,IT,1.2U,One Day,2023/05/14,2023/05/14,
2023,Men,19321,Tour of Bostonliq II,Road,UZ,1.2,One Day,2023/05/14,2023/05/14,
2023,Men,175,4 Jours de Dunkerque,Road,FR,2.Pro,Stage Race,2023/05/16,2023/05/21,
2023,Men,67,Flèche du Sud,Road,LU,2.2,Stage Race,2023/05/17,2023/05/21,
2023,Men,16532,Tour of Sakarya,Road,TR,2.2,Stage Race,2023/05/17,2023/05/20,
2023,Men,537,Circuit de Wallonie,Road,BE,1.1,One Day,2023/05/18,2023/05/18,
2023,Men,919,Joe Martin Stage Race,Road,US,2.2,Stage Race,2023/05/18,2023/05/21,
2023,Men,50,Veenendaal Classic,Road,NL,1.1,One Day,2023/05/20,2023/05/20,
2023,Men,16530,GP Gorenjska,Road,SI,1.2,One Day,2023/05/21,2023/05/21,
2023,Men,144,Rund um Köln,Road,DE,1.1,One Day,2023/05/21,2023/05/21,
2023,Men,341,Tour of Japan,Road,JP,2.1,Stage Race,2023/05/21,2023/05/28,
2023,Men,10204,Antwerp Port Epic,Road,BE,1.1,One Day,2023/05/21,2023/05/21,
2023,Men,7657,Tour of Albania,Road,AL,2.2,Stage Race,2023/05/22,2023/05/26,
2023,Men,315,Alpes Isère Tour,Road,FR,2.2,Stage Race,2023/05/24,2023/05/28,
2023,Men,10674,Orlen Nations Grand Prix,Road,PL,2.NC,Stage Race,2023/05/24,2023/05/28,
2023,Men,343,Boucles de la Mayenne,Road,FR,2.Pro,Stage Race,2023/05/25,2023/05/28,
2023,Men,7767,Tour de la Mirabelle,Road,FR,2.2,Stage Race,2023/05/25,2023/05/28,
2023,Men,20369,Grand Prix du Prince Héritier Moulay El Hassan,Road,MA,1.2,One Day,2023/05/26,2023/05/26,
2023,Men,250,Tour of Estonia,Road,EE,2.1,Stage Race,2023/05/26,2023/05/27,
2023,Men,4008,GP Beiras e Serra da Estrela,Road,PT,2.2,Stage Race,2023/05/26,2023/05/28,
2023,Men,71,Tour of Norway,Road,NO,2.Pro,Stage Race,2023/05/26,2023/05/29,
2023,Men,734,2 Giorni Marchigiana - GP Santa Rita,Road,IT,1.2,One Day,2023/05/27,2023/05/27,
2023,Men,20370,Grand Prix du Trône,Road,MA,1.2,One Day,2023/05/27,2023/05/27,
2023,Men,3838,Van Merksteijn Fences Classic,Road,BE,1.1,One Day,2023/05/27,2023/05/27,
2023,Men,20371,Grand Prix de la Famille Royale,Road,MA,1.2,One Day,2023/05/28,2023/05/28,
2023,Men,408,Trofeo Castelfidardo,Road,IT,1.2,One Day,2023/05/28,2023/05/28,
2023,Men,285,Paris-Troyes,Road,FR,1.2,One Day,2023/05/29,2023/05/29,
2023,Men,437,Ronde van Limburg,Road,BE,1.1,One Day,2023/05/29,2023/05/29,
2023,Men,13188,Mercan Tour Classic Alpes-Maritimes,Road,FR,1.1,One Day,2023/05/30,2023/05/30,
2023,Men,552,Oberösterreich Rundfahrt,Road,AT,2.2,Stage Race,2023/06/01,2023/06/04,
2023,Men,386,Tour of Malopolska,Road,PL,2.2,Stage Race,2023/06/01,2023/06/04,
2023,Men,345,Ronde de l'Oise,Road,FR,2.2,Stage Race,2023/06/01,2023/06/04,
2023,Men,149,Giro dell'Appennino,Road,IT,1.1,One Day,2023/06/02,2023/06/02,
2023,Men,546,Trofeo Alcide Degasperi,Road,IT,1.2,One Day,2023/06/02,2023/06/02,
2023,Men,349,Heistse Pijl,Road,BE,1.1,One Day,2023/06/03,2023/06/03,
2023,Men,473,Tour du Cameroun,Road,CM,2.2,Stage Race,2023/06/03,2023/06/11,
2023,Men,502,Tour de Kumano,Road,JP,2.2,Stage Race,2023/06/03,2023/06/04,
2023,Men,550,Coppa della Pace,Road,IT,1.2U,One Day,2023/06/04,2023/06/04,
2023,Men,351,Memorial van Coningsloo,Road,BE,1.2,One Day,2023/06/04,2023/06/04,
2023,Men,64,Brussels Classic,Road,BE,1.Pro,One Day,2023/06/04,2023/06/04,
2023,Men,15,Critérium du Dauphiné,Road,FR,2.UWT,Stage Race,2023/06/04,2023/06/11,
2023,Men,5228,Tour de Maurice,Road,MU,2.2,Stage Race,2023/06/06,2023/06/09,
2023,Men,18950,Aziz Shusha,Road,AZ,2.2,Stage Race,2023/06/07,2023/06/11,
2023,Men,213,ZLM Tour,Road,NL,2.Pro,Stage Race,2023/06/07,2023/06/11,
2023,Men,14005,Course de la Paix,Road,CZ,2.NC,Stage Race,2023/06/08,2023/06/11,
2023,Men,364,Asia ITT-U23,Road,,CCUT,One Day,2023/06/09,2023/06/09,
2023,Men,2119,Tour d'Eure-et-Loir,Road,FR,2.2,Stage Race,2023/06/09,2023/06/11,
2023,Men,199,GP Kanton Aargau,Road,CH,1.1,One Day,2023/06/09,2023/06/09,
2023,Men,361,Asia ITT,Road,,CCTT,One Day,2023/06/10,2023/06/10,
2023,Men,20012,Kirikkale Road Race,Road,TR,2.2,Stage Race,2023/06/10,2023/06/11,
2023,Men,425,Dwars door het Hageland,Road,BE,1.Pro,One Day,2023/06/10,2023/06/10,
2023,Men,362,Asia RR-U23,Road,,CCU,One Day,2023/06/11,2023/06/11,
2023,Men,20159,Courts Mammouth Classique de l'Île Maurice,Road,MU,1.2,One Day,2023/06/11,2023/06/11,
2023,Men,226,Giro Next Gen,Road,IT,2.2U,Stage Race,2023/06/11,2023/06/18,
2023,Men,8515,Elfstedenronde,Road,BE,1.1,One Day,2023/06/11,2023/06/11,
2023,Men,16,Tour de Suisse,Road,CH,2.UWT,Stage Race,2023/06/11,2023/06/18,
2023,Men,363,Asia RR,Road,,CCRR,One Day,2023/06/13,2023/06/13,
2023,Men,10459,CIC - Mont Ventoux,Road,FR,1.Pro,One Day,2023/06/13,2023/06/13,
2023,Men,235,Tour de Beauce,Road,CA,2.2,Stage Race,2023/06/14,2023/06/18,
2023,Men,211,Tour of Slovenia,Road,SI,2.Pro,Stage Race,2023/06/14,2023/06/18,
2023,Men,60,Belgium Tour,Road,BE,2.Pro,Stage Race,2023/06/14,2023/06/18,
2023,Men,212,Route d'Occitanie,Road,FR,2.1,Stage Race,2023/06/15,2023/06/18,
2023,Men,14426,Tour du Pays de Montbéliard,Road,FR,2.2,Stage Race,2023/06/16,2023/06/18,
2023,Men,86,Vuelta a Colombia,Road,CO,2.2,Stage Race,2023/06/16,2023/06/25,
2023,Men,257,Solidarnosc Champions,Road,PL,2.2,Stage Race,2023/06/28,2023/07/01,
2023,Men,17,Tour de France,Road,FR,2.UWT,Stage Race,2023/07/01,2023/07/23,Grand Tour
2023,Men,559,Giro del Medio Brenta,Road,IT,1.2,One Day,2023/07/02,2023/07/02,
2023,Men,2088,Midden Brabant,Road,NL,1.2,One Day,2023/07/02,2023/07/02,
2023,Men,38,Österreich-Rundfahrt,Road,AT,2.1,Stage Race,2023/07/02,2023/07/06,
2023,Men,662,Trofeo Citta di Brescia,Road,IT,1.2,One Day,2023/07/04,2023/07/04,
2023,Men,1026,Cent.America and Caribbean ITT,Road,,RCTT,One Day,2023/07/05,2023/07/05,
2023,Men,258,Sibiu Cycling Tour,Road,RO,2.1,Stage Race,2023/07/06,2023/07/09,
2023,Men,1027,Central American and Caribbean RR,Road,,RCRR,One Day,2023/07/07,2023/07/07,
2023,Men,582,GP Hungary,Road,HU,1.2,One Day,2023/07/08,2023/07/08,
2023,Men,11357,Grand Prix Erciyes,Road,TR,1.2,One Day,2023/07/08,2023/07/08,
2023,Men,581,GP Slovakia,Road,SK,1.2,One Day,2023/07/09,2023/07/09,
2023,Men,127,Tour of Qinghai Lake,Road,CN,2.Pro,Stage Race,2023/07/09,2023/07/16,
2023,Men,648,Pan Arab Games ITT,Road,,RCTT,One Day,2023/07/11,2023/07/11,
2023,Men,229,Valle d'Aosta,Road,IT,2.2U,Stage Race,2023/07/12,2023/07/16,
2023,Men,398,GP Torres Vedras,Road,PT,2.2,Stage Race,2023/07/13,2023/07/16,
2023,Men,703,GP de Gemenc,Road,HU,2.2,Stage Race,2023/07/14,2023/07/16,
2023,Men,649,Pan Arab Games RR,Road,,RCRR,One Day,2023/07/14,2023/07/14,
2023,Men,20074,SD WORX BW Classic,Road,BE,1.2,One Day,2023/07/19,2023/07/19,
2023,Men,20780,Tour of Huangshan,Road,CN,2.2,Stage Race,2023/07/21,2023/07/23,
2023,Men,579,GP Polski Via Odra,Road,PL,1.2,One Day,2023/07/22,2023/07/22,
2023,Men,193,Tour de Wallonie,Road,BE,2.Pro,Stage Race,2023/07/22,2023/07/26,
2023,Men,18957,Cupa Max Ausnit,Road,RO,1.2,One Day,2023/07/23,2023/07/23,
2023,Men,580,GP Czech Republic,Road,CZ,1.2,One Day,2023/07/23,2023/07/23,
2023,Men,583,GP de Pérenchies,Road,FR,1.2,One Day,2023/07/23,2023/07/23,
2023,Men,209,GP Kranj,Road,SI,1.2,One Day,2023/07/23,2023/07/23,
2023,Men,531,Mem. A.Trochanowskiego,Road,PL,1.2,One Day,2023/07/25,2023/07/25,
2023,Men,207,Villafranca de Ordizia,Road,ES,1.1,One Day,2023/07/25,2023/07/25,
2023,Men,230,Tour Alsace,Road,FR,2.2,Stage Race,2023/07/26,2023/07/30,
2023,Men,563,Dookola Mazowsza,Road,PL,2.2,Stage Race,2023/07/26,2023/07/29,
2023,Men,85,Vuelta a Castilla y León,Road,ES,2.1,Stage Race,2023/07/26,2023/07/27,
2023,Men,15209,Czech Tour,Road,CZ,2.1,Stage Race,2023/07/27,2023/07/30,
2023,Men,385,Kreiz Breizh Elites,Road,FR,2.2,Stage Race,2023/07/28,2023/07/31,
2023,Men,18,San Sebastian Klasikoa,Road,ES,1.UWT,One Day,2023/07/29,2023/07/29,
2023,Men,19,Tour de Pologne,Road,PL,2.UWT,Stage Race,2023/07/29,2023/08/04,
2023,Men,202,Circuito de Getxo,Road,ES,1.1,One Day,2023/07/30,2023/07/30,
2023,Men,20018,Grand Prix Kültepe,Road,TR,1.2,One Day,2023/07/30,2023/07/30,
2023,Men,8208,Jeux de la Francophonie RR,Road,,RCRR,One Day,2023/07/30,2023/07/30,
2023,Men,4014,Puchar Mon,Road,PL,1.2,One Day,2023/07/30,2023/07/30,
2023,Men,63,Tour de l'Ain,Road,FR,2.1,Stage Race,2023/07/31,2023/08/02,
2023,Men,20021,100th Anniversary Tour of The Republic,Road,TR,2.2,Stage Race,2023/08/01,2023/08/05,
2023,Men,586,Tour de la Guadeloupe,Road,FR,2.2,Stage Race,2023/08/04,2023/08/13,
2023,Men,26,World Championship RR,Road,,WCRR,One Day,2023/08/06,2023/08/06,
2023,Men,566,Tour of Szeklerland,Road,RO,2.2,Stage Race,2023/08/09,2023/08/12,
2023,Men,46,World Championship ITT-U23,Road,,WCUT,One Day,2023/08/09,2023/08/09,
2023,Men,197,Volta a Portugal,Road,PT,2.1,Stage Race,2023/08/09,2023/08/20,
2023,Men,27,World Championship ITT,Road,,WCTT,One Day,2023/08/11,2023/08/11,
2023,Men,383,Mem.Henryka Lasaka,Road,PL,1.2,One Day,2023/08/12,2023/08/12,
2023,Men,43,World Championship RR-U23,Road,,WCU,One Day,2023/08/12,2023/08/12,
2023,Men,11633,Gran Premio Guatemala,Road,GT,1.2,One Day,2023/08/12,2023/08/12,
2023,Men,389,GP Poggiana,Road,IT,1.2U,One Day,2023/08/13,2023/08/13,
2023,Men,18539,Memorial Jana Magiery,Road,PL,1.2,One Day,2023/08/13,2023/08/13,
2023,Men,203,Polynormande,Road,FR,1.1,One Day,2023/08/13,2023/08/13,
2023,Men,11634,Gran Premio Chapin,Road,GT,1.2,One Day,2023/08/13,2023/08/13,
2023,Men,161,Tour of Leuven,Road,BE,1.1,One Day,2023/08/15,2023/08/15,
2023,Men,192,Vuelta a Burgos,Road,ES,2.Pro,Stage Race,2023/08/15,2023/08/19,
2023,Men,191,Tour du Limousin,Road,FR,2.1,Stage Race,2023/08/15,2023/08/18,
2023,Men,32,PostNord Tour of Denmark,Road,DK,2.Pro,Stage Race,2023/08/15,2023/08/19,
2023,Men,568,GP Capodarco,Road,IT,1.2U,One Day,2023/08/16,2023/08/16,
2023,Men,259,Arctic Race of Norway,Road,NO,2.Pro,Stage Race,2023/08/17,2023/08/20,
2023,Men,391,Baltic Chain Tour,Road,EE,2.2,Stage Race,2023/08/18,2023/08/20,
2023,Men,186,Druivenkoers Overijse,Road,BE,1.1,One Day,2023/08/19,2023/08/19,
2023,Men,20019,Grand Prix Kaisareia,Road,TR,1.2,One Day,2023/08/19,2023/08/19,
2023,Men,188,Egmont Cycling Race,Road,BE,1.1,One Day,2023/08/20,2023/08/20,
2023,Men,20,BEMER Cyclassics,Road,DE,1.UWT,One Day,2023/08/20,2023/08/20,
2023,Men,44,Tour de l'Avenir,Road,FR,2.NC,Stage Race,2023/08/20,2023/08/27,
2023,Men,187,Poitou-Charentes,Road,FR,2.1,Stage Race,2023/08/22,2023/08/25,
2023,Men,36,Deutschland Tour,Road,DE,2.Pro,Stage Race,2023/08/23,2023/08/27,
2023,Men,21,Renewi Tour,Road,NL,2.UWT,Stage Race,2023/08/23,2023/08/27,
2023,Men,20013,Tour of Yigido,Road,TR,2.2,Stage Race,2023/08/25,2023/08/27,
2023,Men,955,Tour of Bulgaria,Road,BG,2.2,Stage Race,2023/08/26,2023/08/31,
2023,Men,18956,Tour of Kandovan,Road,IR,1.2,One Day,2023/08/26,2023/08/26,
2023,Men,23,Vuelta a España,Road,ES,2.UWT,Stage Race,2023/08/26,2023/09/17,Grand Tour
2023,Men,8310,Ronde van de Achterhoek,Road,NL,1.2,One Day,2023/08/27,2023/08/27,
2023,Men,434,Tour of Iran,Road,IR,2.1,Stage Race,2023/08/27,2023/08/31,
2023,Men,996,Muur Classic Geraardsbergen,Road,BE,1.2,One Day,2023/08/30,2023/08/30,
2023,Men,538,Giro della Regione Friuli,Road,IT,2.2,Stage Race,2023/08/31,2023/09/03,
2023,Men,15096,Flanders Tomorrow Tour,Road,BE,2.2U,Stage Race,2023/08/31,2023/09/02,
2023,Men,10675,In the Steps of Romans,Road,BG,2.2,Stage Race,2023/09/02,2023/09/03,
2023,Men,9204,Lillehammer GP,Road,NO,1.2,One Day,2023/09/02,2023/09/02,
2023,Men,9205,Gylne Gutuer,Road,NO,1.2,One Day,2023/09/03,2023/09/03,
2023,Men,22,Bretagne Classic,Road,FR,1.UWT,One Day,2023/09/03,2023/09/03,
2023,Men,8328,GP Plouay Elite Open,Road,FR,1.2,One Day,2023/09/03,2023/09/03,
2023,Men,45,Tour of Britain,Road,GB,2.Pro,Stage Race,2023/09/03,2023/09/10,
2023,Men,13191,Maryland Cycling Classic,Road,US,1.Pro,One Day,2023/09/03,2023/09/03,
2023,Men,401,Okolo Jiznich Cech,Road,CZ,2.2,Stage Race,2023/09/07,2023/09/10,
2023,Men,9699,Tour of Kosovo,Road,XK,2.2,Stage Race,2023/09/07,2023/09/09,
2023,Men,20020,Tour of Van,Road,TR,2.2,Stage Race,2023/09/07,2023/09/10,
2023,Men,21321,Grand Prix Boukraa,Road,MA,1.2,One Day,2023/09/08,2023/09/08,
2023,Men,4048,Tour of Poyang Lake,Road,CN,2.2,Stage Race,2023/09/08,2023/09/12,
2023,Men,59,GP Québec,Road,CA,1.UWT,One Day,2023/09/08,2023/09/08,
2023,Men,20373,Grand Prix Es-Semara,Road,MA,1.2,One Day,2023/09/09,2023/09/09,
2023,Men,166,GP de la Somme,Road,FR,1.2,One Day,2023/09/10,2023/09/10,
2023,Men,21614,Grand Prix El Marsa,Road,MA,1.2,One Day,2023/09/10,2023/09/10,
2023,Men,16578,Tour of Salalah,Road,OM,2.2,Stage Race,2023/09/10,2023/09/13,
2023,Men,92,GP de Fourmies,Road,FR,1.Pro,One Day,2023/09/10,2023/09/10,
2023,Men,58,GP Montreal,Road,CA,1.UWT,One Day,2023/09/10,2023/09/10,
2023,Men,4025,Giro della Toscana,Road,IT,1.1,One Day,2023/09/13,2023/09/13,
2023,Men,380,Okolo Slovenska,Road,SK,2.1,Stage Race,2023/09/13,2023/09/17,
2023,Men,93,GP de Wallonie,Road,BE,1.Pro,One Day,2023/09/13,2023/09/13,
2023,Men,160,Coppa Sabatini,Road,IT,1.Pro,One Day,2023/09/14,2023/09/14,
2023,Men,242,Tour of Taihu Lake,Road,CN,2.Pro,Stage Race,2023/09/14,2023/09/17,
2023,Men,167,Kamp. van Vlaanderen,Road,BE,1.1,One Day,2023/09/15,2023/09/15,
2023,Men,68,Memorial Pantani,Road,IT,1.1,One Day,2023/09/16,2023/09/16,
2023,Men,168,SUPER 8 Classic,Road,BE,1.Pro,One Day,2023/09/16,2023/09/16,
2023,Men,444,Gooikse Pijl,Road,BE,1.1,One Day,2023/09/17,2023/09/17,
2023,Men,9979,GP Rik Van Looy,Road,BE,1.2,One Day,2023/09/17,2023/09/17,
2023,Men,205,Trofeo Matteotti,Road,IT,1.1,One Day,2023/09/17,2023/09/17,
2023,Men,171,GP d'Isbergues,Road,FR,1.1,One Day,2023/09/17,2023/09/17,
2023,Men,170,Omloop van het Houtland,Road,BE,1.1,One Day,2023/09/20,2023/09/20,
2023,Men,347,Europe ITT-U23,Road,,CCUT,One Day,2023/09/20,2023/09/20,
2023,Men,37,Tour de Luxembourg,Road,LU,2.Pro,Stage Race,2023/09/20,2023/09/24,
2023,Men,4020,Europe ITT,Road,,CCTT,One Day,2023/09/20,2023/09/20,
2023,Men,348,Europe RR-U23,Road,,CCU,One Day,2023/09/22,2023/09/22,
2023,Men,16539,Tour of Binzhou,Road,CN,2.2,Stage Race,2023/09/23,2023/09/24,
2023,Men,128,Tour de Langkawi,Road,MY,2.Pro,Stage Race,2023/09/23,2023/09/30,
2023,Men,949,Paris-Chauny,Road,FR,1.1,One Day,2023/09/24,2023/09/24,
2023,Men,4019,Europe RR,Road,,CCRR,One Day,2023/09/24,2023/09/24,
2023,Men,672,Vuelta a Ecuador,Road,EC,2.2,Stage Race,2023/09/25,2023/09/30,
2023,Men,409,Ruota d'Oro,Road,IT,1.2U,One Day,2023/09/26,2023/09/26,
2023,Men,773,CRO Race,Road,HR,2.1,Stage Race,2023/09/26,2023/10/01,
2023,Men,231,Circuit Franco-Belge,Road,BE,1.Pro,One Day,2023/09/28,2023/09/28,
2023,Men,262,Coppa Agostoni,Road,IT,1.1,One Day,2023/09/28,2023/09/28,
2023,Men,20781,Tour of Istanbul,Road,TR,2.2,Stage Race,2023/09/28,2023/10/01,
2023,Men,29,Giro dell'Emilia,Road,IT,1.Pro,One Day,2023/09/30,2023/09/30,
2023,Men,142,Grand Prix Cerami,Road,BE,1.2,One Day,2023/09/30,2023/09/30,
2023,Men,7660,Famenne Ardenne Classic,Road,BE,1.1,One Day,2023/10/01,2023/10/01,
2023,Men,390,Il Lombardia Under 23,Road,IT,1.2U,One Day,2023/10/01,2023/10/01,
2023,Men,8523,Oita Urban Classic,Road,JP,1.2,One Day,2023/10/01,2023/10/01,
2023,Men,94,Tour de Vendée,Road,FR,1.1,One Day,2023/10/01,2023/10/01,
2023,Men,196,Coppa Bernocchi,Road,IT,1.Pro,One Day,2023/10/02,2023/10/02,
2023,Men,673,Asian Games ITT,Road,,CCTT,One Day,2023/10/03,2023/10/03,
2023,Men,21437,Coppa Citta' di San Daniele,Road,IT,1.2,One Day,2023/10/03,2023/10/03,
2023,Men,445,GP Chantal Biya,Road,CM,2.2,Stage Race,2023/10/03,2023/10/07,
2023,Men,20978,Grand Tour de Ciclismo de SC,Road,BR,1.2,One Day,2023/10/03,2023/10/03,
2023,Men,158,Munsterland Giro,Road,DE,1.Pro,One Day,2023/10/03,2023/10/03,
2023,Men,190,Tre Valli Varesine,Road,IT,1.Pro,One Day,2023/10/03,2023/10/03,
2023,Men,159,Binche-Chimay-Binche,Road,BE,1.1,One Day,2023/10/03,2023/10/03,
2023,Men,20979,GP Urubici de Ciclismo,Road,BR,1.2,One Day,2023/10/04,2023/10/04,
2023,Men,16523,Visit Friesland Elfstedenrace,Road,NL,1.1,One Day,2023/10/04,2023/10/04,
2023,Men,674,Asian Games RR,Road,,CCRR,One Day,2023/10/05,2023/10/05,
2023,Men,20980,GP de Santa Catarina,Road,BR,1.2,One Day,2023/10/05,2023/10/05,
2023,Men,61,Gran Piemonte,Road,IT,1.Pro,One Day,2023/10/05,2023/10/05,
2023,Men,139,Tour of Hainan,Road,CN,2.Pro,Stage Race,2023/10/05,2023/10/09,
2023,Men,157,Paris - Bourges,Road,FR,1.1,One Day,2023/10/05,2023/10/05,
2023,Men,18945,Tour de Kyushu,Road,JP,2.1,Stage Race,2023/10/07,2023/10/09,
2023,Men,24,Il Lombardia,Road,IT,1.UWT,One Day,2023/10/07,2023/10/07,Monument
2023,Men,238,Paris - Tours,Road,FR,1.2U,One Day,2023/10/08,2023/10/08,
2023,Men,152,Tour of Türkiye,Road,TR,2.1,Stage Race,2023/10/08,2023/10/15,
2023,Men,28,Paris - Tours,Road,FR,1.Pro,One Day,2023/10/08,2023/10/08,
2023,Men,183,Giro del Veneto,Road,IT,1.Pro,One Day,2023/10/11,2023/10/11,
2023,Men,7591,Gree - Tour of Guangxi,Road,CN,2.UWT,Stage Race,2023/10/12,2023/10/17,
2023,Men,10514,Campeonato del Caribe ITT,Road,,1.2,One Day,2023/10/14,2023/10/14,
2023,Men,18951,Trans-Himalaya Cycling Race,Road,CN,2.2,Stage Race,2023/10/14,2023/10/17,
2023,Men,10515,Campeonato del Caribe RR,Road,,1.2,One Day,2023/10/15,2023/10/15,
2023,Men,15208,Veneto Classic,Road,IT,1.Pro,One Day,2023/10/15,2023/10/15,
2023,Men,95,Japan Cup,Road,JP,1.Pro,One Day,2023/10/15,2023/10/15,
2023,Men,463,Chrono des Nations,Road,FR,1.2U,One Day,2023/10/15,2023/10/15,
2023,Men,154,Chrono des Nations,Road,FR,1.1,One Day,2023/10/15,2023/10/15,
2023,Men,8499,Hong Kong Cyclothon,Road,HK,1.1,One Day,2023/10/22,2023/10/22,
2023,Men,763,Pan-American Games ITT,Road,,CCTT,One Day,2023/10/22,2023/10/22,
2023,Men,446,Tour du Faso,Road,BF,2.2,Stage Race,2023/10/27,2023/11/05,
2023,Men,764,Pan-American Games RR,Road,,CCRR,One Day,2023/10/29,2023/10/29,
2023,Men,8479,Akiyoshidai Karst Road Race,Road,JP,1.2,One Day,2023/11/05,2023/11/05,
2023,Men,457,Tour de Okinawa,Road,JP,1.2,One Day,2023/11/12,2023/11/12,
2023,Men,595,Vuelta a Guatemala,Road,GT,2.2,Stage Race,2023/11/17,2023/11/26,
2023,Women,9080,Tour Down Under,Road,AU,2.WWT,Stage Race,2023/01/15,2023/01/17,
2023,Women,9133,Cadel Road Race,Road,AU,1.WWT,One Day,2023/01/28,2023/01/28,
2023,Women,17199,Women Cycling Pro Costa De Almería,Road,ES,1.1,One Day,2023/01/29,2023/01/29,
2023,Women,11333,Aphrodite ITT,Road,CY,1.2,One Day,2023/02/04,2023/02/04,
2023,Women,10439,Vuelta CV Feminas,Road,ES,1.1,One Day,2023/02/05,2023/02/05,
2023,Women,20007,Aphrodite - Women for future,Road,CY,1.2,One Day,2023/02/08,2023/02/08,
2023,Women,9337,Africa ITT,Road,,CCTT,One Day,2023/02/09,2023/02/09,
2023,Women,20309,Africa ITT-U23,Road,,CCUT,One Day,2023/02/09,2023/02/09,
2023,Women,18130,UAE Tour,Road,AE,2.WWT,Stage Race,2023/02/09,2023/02/12,
2023,Women,18935,Clasica de Almeria,Road,ES,1.1,One Day,2023/02/11,2023/02/11,
2023,Women,9336,Africa RR,Road,,CCRR,One Day,2023/02/12,2023/02/12,
2023,Women,9189,Setmana Ciclista Valenciana,Road,ES,2.Pro,Stage Race,2023/02/16,2023/02/19,
2023,Women,9181,Omloop Het Nieuwsblad,Road,BE,1.WWT,One Day,2023/02/25,2023/02/25,
2023,Women,9201,Omloop van het Hageland,Road,BE,1.1,One Day,2023/02/26,2023/02/26,
2023,Women,9206,Le Samyn des Dames,Road,BE,1.1,One Day,2023/02/28,2023/02/28,
2023,Women,18936,Umag Trophy Ladies,Road,HR,1.2,One Day,2023/03/01,2023/03/01,
2023,Women,9044,Strade Bianche,Road,IT,1.WWT,One Day,2023/03/04,2023/03/04,
2023,Women,18937,Porec Trophy Ladies,Road,HR,1.2,One Day,2023/03/05,2023/03/05,
2023,Women,17126,Trofeo Oro in Euro,Road,IT,1.1,One Day,2023/03/05,2023/03/05,
2023,Women,17279,Trofeo Ponente in Rosa,Road,IT,2.2,Stage Race,2023/03/07,2023/03/11,
2023,Women,19315,Vuelta Extremadura Féminas,Road,ES,2.2,Stage Race,2023/03/10,2023/03/12,
2023,Women,9045,Ronde van Drenthe,Road,NL,1.WWT,One Day,2023/03/11,2023/03/11,
2023,Women,10430,Nokere Koerse,Road,BE,1.Pro,One Day,2023/03/15,2023/03/15,
2023,Women,18932,Tour de Normandie Féminin,Road,FR,2.1,Stage Race,2023/03/17,2023/03/19,
2023,Women,9046,Trofeo Alfredo Binda,Road,IT,1.WWT,One Day,2023/03/19,2023/03/19,
2023,Women,9047,Classic Brugge-De Panne,Road,BE,1.WWT,One Day,2023/03/23,2023/03/23,
2023,Women,9048,Gent - Wevelgem,Road,BE,1.WWT,One Day,2023/03/26,2023/03/26,
2023,Women,9309,Dwars door Vlaanderen,Road,BE,1.Pro,One Day,2023/03/29,2023/03/29,
2023,Women,9349,Oceania ITT,Road,,CCTT,One Day,2023/03/30,2023/03/30,
2023,Women,9350,Oceania ITT-U23,Road,,CCUT,One Day,2023/03/30,2023/03/30,
2023,Women,9348,Oceania RR,Road,,CCRR,One Day,2023/04/01,2023/04/01,
2023,Women,14856,Scheldeprijs Vrouwen Elite,Road,BE,1.1,One Day,2023/04/05,2023/04/05,
2023,Women,13853,Paris-Roubaix Femmes,Road,FR,1.WWT,One Day,2023/04/08,2023/04/08,Monument
2023,Women,13593,Ronde de Mouscron,Road,BE,1.1,One Day,2023/04/10,2023/04/10,
2023,Women,9400,Brabantse Pijl,Road,BE,1.Pro,One Day,2023/04/12,2023/04/12,
2023,Women,11501,Central American Championship ITT,Road,,1.2,One Day,2023/04/14,2023/04/14,
2023,Women,9050,Amstel Gold Race,Road,NL,1.WWT,One Day,2023/04/16,2023/04/16,
2023,Women,14581,GP Féminin de Chambéry,Road,FR,1.1,One Day,2023/04/16,2023/04/16,
2023,Women,9615,Pan-America ITT,Road,,CCTT,One Day,2023/04/18,2023/04/18,
2023,Women,9051,La Flèche Wallonne,Road,BE,1.WWT,One Day,2023/04/19,2023/04/19,
2023,Women,9740,Pan-America RR,Road,,CCRR,One Day,2023/04/22,2023/04/22,
2023,Women,9441,Omloop van Borsele,Road,NL,1.1,One Day,2023/04/22,2023/04/22,
2023,Women,9052,Liege-Bastogne-Liege Femmes,Road,BE,1.WWT,One Day,2023/04/23,2023/04/23,
2023,Women,9458,GP della Liberazione PINK,Road,IT,1.2,One Day,2023/04/25,2023/04/25,
2023,Women,9548,Tour of the Gila,Road,US,2.2,Stage Race,2023/04/26,2023/04/30,
2023,Women,9549,Gracia Orlová,Road,CZ,2.2,Stage Race,2023/04/27,2023/04/30,
2023,Women,16506,Leiedal Koerse,Road,BE,1.2,One Day,2023/04/29,2023/04/29,
2023,Women,9460,Festival Elsy Jacobs,Road,LU,2.Pro,Stage Race,2023/04/29,2023/04/30,
2023,Women,9058,Vuelta España Femenina,Road,ES,2.WWT,Stage Race,2023/05/01,2023/05/07,Grand Tour
2023,Women,9731,La Classique Morbihan,Road,FR,1.1,One Day,2023/05/05,2023/05/05,
2023,Women,14582,GP Eco-Struct,Road,BE,1.1,One Day,2023/05/06,2023/05/06,
2023,Women,9732,GP de Plumelec-Morbihan,Road,FR,1.1,One Day,2023/05/06,2023/05/06,
2023,Women,9613,Trofee Maarten Wynants,Road,BE,1.1,One Day,2023/05/07,2023/05/07,
2023,Women,10433,Bretagne Ladies Tour,Road,FR,2.1,Stage Race,2023/05/09,2023/05/13,
2023,Women,12195,Navarra Elite Classics,Road,ES,1.Pro,One Day,2023/05/10,2023/05/10,
2023,Women,14244,Itzulia Women,Road,ES,2.WWT,Stage Race,2023/05/12,2023/05/14,
2023,Women,13419,Southeast Asian Games RR,Road,,RCRR,One Day,2023/05/13,2023/05/13,
2023,Women,9600,Durango-Durango,Road,ES,1.1,One Day,2023/05/16,2023/05/16,
2023,Women,9427,Joe Martin Stage Race,Road,US,2.2,Stage Race,2023/05/18,2023/05/21,
2023,Women,10428,Vuelta a Burgos Feminas,Road,ES,2.WWT,Stage Race,2023/05/18,2023/05/21,
2023,Women,9907,Veenendaal-Veenendaal,Road,NL,1.1,One Day,2023/05/19,2023/05/19,
2023,Women,16507,ZLM Omloop der Kempen Ladies,Road,NL,1.2,One Day,2023/05/20,2023/05/20,
2023,Women,18930,Antwerp Port Epic Ladies,Road,BE,1.1,One Day,2023/05/21,2023/05/21,
2023,Women,9810,Thüringen Ladies Tour,Road,DE,2.Pro,Stage Race,2023/05/23,2023/05/28,
2023,Women,9912,Tour de Feminin,Road,CZ,2.2,Stage Race,2023/05/25,2023/05/28,
2023,Women,9054,RideLondon Classique,Road,GB,2.WWT,Stage Race,2023/05/26,2023/05/28,
2023,Women,16508,Ladies Tour of Estonia,Road,EE,1.2,One Day,2023/05/27,2023/05/27,
2023,Women,13594,GP Ciudad de Eibar,Road,ES,1.1,One Day,2023/05/28,2023/05/28,
2023,Women,17077,GP Mazda Schelkens,Road,BE,1.2,One Day,2023/05/29,2023/05/29,
2023,Women,16502,Vuelta a Andalucia Ruta Del Sol,Road,ES,2.1,Stage Race,2023/05/31,2023/06/04,
2023,Women,15071,Belgrade GP Woman Tour,Road,RS,2.2,Stage Race,2023/06/03,2023/06/04,
2023,Women,9811,Dwars door de Westhoek,Road,BE,1.1,One Day,2023/06/04,2023/06/04,
2023,Women,9913,Vuelta femenina a Guatemala,Road,GT,2.2,Stage Race,2023/06/07,2023/06/11,
2023,Women,16505,CIC-Tour Féminin Pyrénées,Road,FR,2.1,Stage Race,2023/06/09,2023/06/11,
2023,Women,9343,Asia ITT,Road,,CCTT,One Day,2023/06/10,2023/06/10,
2023,Women,9345,Asia ITT-U23,Road,,CCUT,One Day,2023/06/10,2023/06/10,
2023,Women,15067,Dwars door het Hageland,Road,BE,1.1,One Day,2023/06/10,2023/06/10,
2023,Women,9853,Flanders Diamond Tour,Road,BE,1.1,One Day,2023/06/11,2023/06/11,
2023,Women,9342,Asia RR,Road,,CCRR,One Day,2023/06/12,2023/06/12,
2023,Women,20776,Regiónom Nitrianskeho Kraja,Road,SK,1.2,One Day,2023/06/17,2023/06/17,
2023,Women,14577,Tour de Suisse,Road,CH,2.WWT,Stage Race,2023/06/17,2023/06/20,
2023,Women,9064,Giro d'Italia Women,Road,IT,2.WWT,Stage Race,2023/06/30,2023/07/09,Grand Tour
2023,Women,20777,GP Mayor Žiar nad Hronom,Road,SK,1.2,One Day,2023/07/01,2023/07/01,
2023,Women,20778,Tour de Berlin Feminin,Road,DE,1.2,One Day,2023/07/02,2023/07/02,
2023,Women,10227,Cent.America and Caribbean ITT,Road,,RCTT,One Day,2023/07/05,2023/07/05,
2023,Women,10226,Central American and Caribbean RR,Road,,RCRR,One Day,2023/07/07,2023/07/07,
2023,Women,16511,Respect Ladies Race Slovakia,Road,SK,1.2,One Day,2023/07/08,2023/07/08,
2023,Women,13595,2 Districtenpijl - Ekeren-Deurne,Road,BE,1.1,One Day,2023/07/09,2023/07/09,
2023,Women,21367,Pan Arab Games ITT,Road,,RCTT,One Day,2023/07/11,2023/07/11,
2023,Women,9904,Baloise Ladies Tour,Road,BE,2.1,Stage Race,2023/07/12,2023/07/16,
2023,Women,21368,Pan Arab Games RR,Road,,RCRR,One Day,2023/07/13,2023/07/13,
2023,Women,18938,Grand Prix Stuttgart &amp; Region,Road,DE,1.2,One Day,2023/07/16,2023/07/16,
2023,Women,15687,Tour de France Femmes,Road,FR,2.WWT,Stage Race,2023/07/23,2023/07/30,Grand Tour
2023,Women,10106,Vuelta a Colombia Femenina,Road,CO,2.2,Stage Race,2023/07/26,2023/07/30,
2023,Women,16504,Princess Anna Vasa Tour,Road,PL,2.2,Stage Race,2023/07/28,2023/07/30,
2023,Women,16412,Jeux de la Francophonie RR,Road,,RCRR,One Day,2023/07/30,2023/07/30,
2023,Women,9068,World Championship ITT,Road,,WCTT,One Day,2023/08/10,2023/08/10,
2023,Women,12377,La Périgord Ladies,Road,FR,1.2,One Day,2023/08/12,2023/08/12,
2023,Women,12378,La Picto-Charentaise,Road,FR,1.2,One Day,2023/08/13,2023/08/13,
2023,Women,9067,World Championship RR,Road,,WCRR,One Day,2023/08/13,2023/08/13,
2023,Women,17078,Grote Prijs Yvonne Reynders,Road,BE,1.2,One Day,2023/08/15,2023/08/15,
2023,Women,17781,Konvert Kortrijk Koerse,Road,BE,1.1,One Day,2023/08/18,2023/08/18,
2023,Women,14770,GP Oetingen,Road,BE,1.1,One Day,2023/08/19,2023/08/19,
2023,Women,20779,Egmont Cycling Race,Road,BE,1.2,One Day,2023/08/22,2023/08/22,
2023,Women,15688,Tour of Scandinavia,Road,NO,2.WWT,Stage Race,2023/08/23,2023/08/27,
2023,Women,9914,Giro Toscana Int. Femminile,Road,IT,2.2,Stage Race,2023/08/24,2023/08/27,
2023,Women,18940,Tour de l'Avenir Femmes,Road,FR,2.2U,Stage Race,2023/08/28,2023/09/01,
2023,Women,9057,Classic Lorient Agglomération,Road,FR,1.WWT,One Day,2023/09/02,2023/09/02,
2023,Women,13601,Grote Prijs Beerens,Road,BE,1.1,One Day,2023/09/03,2023/09/03,
2023,Women,9906,Tour Feminin l'Ardeche,Road,FR,2.1,Stage Race,2023/09/05,2023/09/11,
2023,Women,9066,Simac Ladies Tour,Road,NL,2.WWT,Stage Race,2023/09/05,2023/09/10,
2023,Women,17099,A Travers les Hauts de France,Road,FR,1.2,One Day,2023/09/09,2023/09/09,
2023,Women,10950,GP Fourmies Women,Road,FR,1.2,One Day,2023/09/10,2023/09/10,
2023,Women,17169,Grisette Grand Prix de Wallonie,Road,BE,1.1,One Day,2023/09/13,2023/09/13,
2023,Women,9852,Chrono de Gatineau,Road,CA,1.1,One Day,2023/09/15,2023/09/15,
2023,Women,13609,Watersley Womens Challenge,Road,NL,2.2U,Stage Race,2023/09/15,2023/09/17,
2023,Women,16500,Tour de Romandie,Road,CH,2.WWT,Stage Race,2023/09/15,2023/09/17,
2023,Women,13600,AG Tour de la Semois,Road,BE,2.2,Stage Race,2023/09/15,2023/09/16,
2023,Women,9921,GP d'Isbergues,Road,FR,1.2,One Day,2023/09/17,2023/09/17,
2023,Women,9925,Europe ITT-U23,Road,,CCUT,One Day,2023/09/20,2023/09/20,
2023,Women,9923,Europe ITT,Road,,CCTT,One Day,2023/09/20,2023/09/20,
2023,Women,9924,Europe RR-U23,Road,,CCU,One Day,2023/09/22,2023/09/22,
2023,Women,9922,Europe RR,Road,,CCRR,One Day,2023/09/23,2023/09/23,
2023,Women,9909,Giro dell'Emilia,Road,IT,1.Pro,One Day,2023/09/30,2023/09/30,