season,first_cycling_race_id,stage_number,distance,stage_profile_category,route
2023,677,1,153,Flatt,Plaza 25 de Mayo-Circuito San Juan Villicum
2023,677,2,134.3,Flatt,Circuito San Juan Villicum-Circuito San Juan Villicum
2023,677,3,179.9,Flatt,Circuito San Juan Villicum-Circuito San Juan Villicum
2023,456,1,123,Flatt,Masterton-Masterton
2023,456,2,127.3,Flatt,Masterton-Martinborough
2023,456,3,155.5,Smaakupert-MF,Masterton-Admiral Hill
2023,456,4,126,Smaakupert,Miramar-Miramar
2023,456,5,49.6,Flatt,Wellington-Wellington
2023,454,1,149.8,Flatt,San Cristóbal-Tariba
2023,454,2,141.5,Smaakupert-MF,San Josecito-San Cristóbal
2023,454,3,126.5,Flatt,San Juan De Colón-La Tendida
2023,454,4,133.1,Smaakupert-MF,Lagunillas-Mérida
2023,454,5,134.4,Fjell-MF,La Tendida-La Grita
2023,454,6,132.3,Fjell-MF,La Fría-Casa Del Padre
2023,454,7,137,Fjell-MF,Ureña-Cerro Del Cristo Rey
2023,454,8,117.3,Flatt,San Cristóbal-San Cristóbal
2023,1,0,5.5,Tempo,Adelaide-Adelaide
2023,1,1,149.9,Smaakupert,Tanunda-Tanunda
2023,1,2,154.8,Smaakupert,Brighton-Victor Harbor
2023,1,3,116.8,Smaakupert,Norwood-Campbelltown
2023,1,4,133.2,Flatt,Port Willunga-Willunga
2023,1,5,112.5,Smaakupert-MF,Unley-Mount Lofty
2023,5247,1,143.9,Flatt,San Juan-San Juan
2023,5247,2,201.1,Smaakupert,Villa San Augustin-San José de Jáchal
2023,5247,3,170.9,Flatt,San Juan-San Juan
2023,5247,4,196.5,Fjell-MF,San Juan-Barreal
2023,5247,5,173.7,Fjell-MF,San Juan-Alto de Colorado
2023,5247,6,144.9,Flatt,San Juan-San Juan
2023,5247,7,112,Flatt,San Juan-San Juan
2023,117,1,121.5,Smaakupert-MF,Bitam-Oyem
2023,117,2,111.5,Flatt,Oyem-Mitzic
2023,117,3,113,Flatt,Lébamba-Mouila
2023,117,4,193.5,Smaakupert,Mouila-Lambaréné
2023,117,5,103.5,Flatt,Kango-Angondjé
2023,117,6,127.2,Flatt,Port-Gentil-Port-Gentil
2023,117,7,133,Flatt,Cap Esterias-Libreville
2023,460,1,8.9,Tempo,Sharjah-Sharjah
2023,460,2,130.7,Flatt,Sharjah-Al Badayer
2023,460,3,117.1,Smaakupert-MF,Dibba Alshin-Wadi al Hilo
2023,460,4,110.2,Smaakupert-MF,Kalba-Khorfakkan
2023,460,5,72.3,Flatt,Sharjah-Sharjah
2023,868,1,180.5,Flatt,Alula-Khaybar
2023,868,2,184,Flatt,Alula-Shalal Sijlyat
2023,868,3,159.2,Smaakupert-MF,Al Manshiyah-Abu Rakah
2023,868,4,163.4,Smaakupert,Maraya-Harrat Uwayrid
2023,868,5,142.9,Flatt,Alula-Maraya
2023,11406,1,110,<td></td>,Berjeimatt-Akjoujt
2023,11406,2,75,<td></td>,Yaghref-Aoujeft
2023,11406,3,103,<td></td>,Atar-Choum
2023,11406,4,76,<td></td>,Zouerate-Zouerate
2023,11406,5,96,<td></td>,Bamako-Akjoujt
2023,13738,1,149.7,Flatt,Tilisarao-Juana Koslay
2023,13738,2,179.9,Flatt,La Toma-La Toma
2023,13738,3,12.7,Tempo,El Durazno-El Durazno
2023,13738,4,148.8,Smaakupert-MF,Juana Koslay-Juana Koslay
2023,13738,5,121.6,Flatt,San Luis-San Luis
2023,319,1,189.4,Smaakupert,Orihuela-Altea
2023,319,2,178.2,Smaakupert-MF,Novelda-Benissa
2023,319,3,145.1,Smaakupert,Bétera-Sagunto
2023,319,4,181.6,Fjell-MF,Burriana-Altura
2023,319,5,93.2,Smaakupert,Paterna-València
2023,106,1,159.6,Flatt,Bellegarde-Bellegarde
2023,106,2,169.6,Flatt,Begard-Aubais
2023,106,3,169.6,Smaakupert,Bessèges-Bessèges
2023,106,4,145.5,Smaakupert-MF,Saint-Christol-Lèz-Alès-Le Mont Bouquet
2023,106,5,10.6,Tempo,Alès-Alès
2023,57,1,147.4,Flatt,Al Rustaq Fort-Muscat
2023,57,2,174,Smaakupert-MF,Muscat-Quarayyat
2023,57,3,151.8,Smaakupert-MF,Al Khobar-Jabal Haat
2023,57,4,204.9,Smaakupert,Izki-Yitti Hills
2023,57,5,152.2,Fjell-MF,Samail-Jabal Al Akhdhar / Green Mountain
2023,110,1,179,Fjell,Puente de Génave-Santiago de la Espada
2023,110,2,156.1,Smaakupert-MF,Diezma-Alcalá la Real
2023,110,3,161.8,Flatt,Alcalá de Guadaíra-Alcalá de los Gazules
2023,110,4,164.3,Smaakupert,Olvera-Iznájar
2023,110,5,184.3,Smaakupert,Otura-Alhaurín de la Torre
2023,107,1,200.2,Smaakupert,Portimão-Lagos
2023,107,2,186.3,Smaakupert-MF,Sagres-Alto da Fóia
2023,107,3,203.1,Flatt,Faro-Taviria
2023,107,4,177.9,Smaakupert-MF,Albufeira-Malhão
2023,107,5,24.4,Tempo,Lagoa-Lagoa
2023,111,1,187,Flatt,Saint Raphaël-Ramatuelle
2023,111,2,178.9,Smaakupert,Mandelieu-la-napoule-Antibes Azur Aréna
2023,111,3,131.8,Smaakupert,Villefranche-sur-Mer-Vence
2023,450,1,115.6,Flatt,Kigali-Rwamagana
2023,450,2,132.9,Smaakupert,Kigali-Gisagara
2023,450,3,199.5,Fjell-MF,Huye-Musanze
2023,450,4,138.3,Smaakupert,Musanze-Karongi
2023,450,5,195.5,Smaakupert,Rusizi-Rubavu
2023,450,6,157,Fjell-MF,Rubavu-Gicumbi
2023,450,7,115.8,Fjell-MF,Nyamata-Mount Kigai
2023,450,8,75.3,Fjell-MF,Kigali-Kigali
2023,9800,1,151,Flatt,Al Dhafra-Al Mirfa
2023,9800,2,17.3,Lagtempo,Khalifa Port-Khalifa Port | TTT
2023,9800,3,185,Fjell-MF,Al Fujayiah-Jebel Jais
2023,9800,4,174,Flatt,Shindagha-Dubai
2023,9800,5,170,Flatt,Al Marjan-Umm Al Quwain
2023,9800,6,166,Flatt,Abu Dhabi-Abu Dhabi
2023,9800,7,153,Fjell-MF,Abu Dhabi-Jebel Hafeet
2023,16526,1,191.5,Smaakupert,Muralla de Lugo-Sarria
2023,16526,2,184.3,Smaakupert-MF,A Guarda-Monte Trega
2023,16526,3,123.4,Smaakupert-MF,Parque Natural da Encina da Lastra-Rubia
2023,16526,4,18.1,Tempo,Novo Milladoiro-Santiago de la Compostela
2023,16525,1,180,Smaakupert-MF,Rhodes-Koskinou
2023,16525,2,168.8,Smaakupert-MF,Rhodes-Salakos
2023,2,1,169.4,Smaakupert,La Verrière-La Verrière
2023,2,2,163.7,Flatt,Bazainville-Fontainebleau
2023,2,3,32.2,Lagtempo,Dampierre-en-Burly-Dampierre-en-Burly | TTT
2023,2,4,164.7,Smaakupert-MF,Saint-Amand-Montrond-La Loge des Gardes
2023,2,5,212.4,Smaakupert,Saint-Symphorien-sur-Coise-Saint-Paul-Trois-Châteaux
2023,2,6,197.4,Smaakupert,Tourves-La Colle Sur Loup
2023,2,7,142.8,Fjell-MF,Nice-Col de la Couillole
2023,2,8,117.2,Fjell,Nice-Nice
2023,3,1,11.5,Tempo,Lido di Camaiore-Lido di Camaiore
2023,3,2,210,Flatt,Camaiore-Follonica
2023,3,3,216,Flatt,Follonica-Foligno
2023,3,4,219,Smaakupert-MF,Greccio -Tortoreto
2023,3,5,165.6,Fjell-MF,Morro d'Oro-Sarnano-Sassotetto
2023,3,6,193,Smaakupert-MF,Osimo Stazione-Osimo
2023,3,7,154,Flatt,San Benedetto del Tronto-San Benedetto del Tronto
2023,465,0,4.1,Tempo,Bordj Bou Arréridj-Bordj Bou Arréridj
2023,465,1,121,Flatt,Bordj Bou Arréridj-M’sila
2023,465,2,176,Smaakupert,Boussaâda-Biskra
2023,465,3,111.5,Smaakupert,Biskra-Batna
2023,465,4,142,Smaakupert-MF,Batna-Sétif
2023,465,5,128,Flatt,Sétif-Constantine
2023,465,6,82.5,Smaakupert,Constantine-Skikda
2023,465,7,145.5,Flatt,Skikda-Jijel
2023,465,8,87.2,Flatt,Jijel-Bejaïa
2023,465,9,119,Smaakupert,Bejaïa-Tizi Ouzou
2023,276,0,1.5,Tempo,Vrsar-Vrsar
2023,276,1,153,Smaakupert,Porec-Funtana
2023,276,2,173,Smaakupert-MF,Novograd-Motovun
2023,276,3,114,Flatt,Pazin-Umag
2023,132,1,83.2,Flatt,Taipei-Taipei
2023,132,2,120.6,Fjell-MF,Taoyuan City-Jiobanshan Park
2023,132,3,154.5,Smaakupert,Hshinchu-Taichung City
2023,132,4,165.6,Smaakupert,Nantou-Xianshan
2023,132,5,146.4,Smaakupert,Fo Guang-Zuoying
2023,844,0,3.8,Tempo,Ialysos-Ialysos
2023,844,1,138.5,Smaakupert,Rhodes-Kalamonas
2023,844,2,153.5,Smaakupert,Rhodes-Afandou
2023,844,3,150.2,Smaakupert,Rhodes-Maritsa
2023,14,1,164.6,Smaakupert,Saint Feliu de Guíxols-Saint Feliu de Guíxols
2023,14,2,165.4,Fjell-MF,Mataró-Vallter
2023,14,3,180.6,Fjell-MF,Olost-La Molina
2023,14,4,188.2,Flatt,Llívia-Sabadell
2023,14,5,176.6,Fjell-MF,Tortosa-Lo Port
2023,14,6,183,Smaakupert,Martorell-Molins de Rei
2023,14,7,136,Smaakupert,Barcelona-Barcelona
2023,114,1,160.4,Smaakupert,Riccione-Riccione
2023,114,2,171.2,Smaakupert-MF,Riccione-Longiano
2023,114,3,138.7,Smaakupert,Forlì-Forlì
2023,114,4,159.9,Smaakupert,Fiorano Modenese-Fiorano Modenese
2023,114,5,18.6,Tempo,Carpi-Carpi
2023,340,1,9,Tempo,Assen-Assen
2023,340,2,157.6,Flatt,Assen-Assen
2023,340,3,168.3,Flatt,Gieten-Ruurlo
2023,340,4,161.3,Flatt,Neede-Tiel
2023,340,5,149,Smaakupert,Beek-Beek
2023,288,1,168.8,Flatt,Beja-Ourique
2023,288,2,170.8,Flatt,Castro Verde-Grandola
2023,288,3,191.4,Smaakupert,Vendas Novas-Estremoz
2023,288,4,148.2,Smaakupert-MF,Crato-Castelo de Vide
2023,288,5,154.9,Flatt,Monforte-Evora
2023,17278,1,140,Smaakupert,Guatemala-Salamá
2023,17278,2,124.5,Smaakupert,San Miguel Chicaj-Cobán
2023,17278,3,113.5,Smaakupert,Tactic-Guastatoya
2023,17278,4,116.5,Fjell-MF,Patalul-Tolimán
2023,17278,5,119,Fjell,San Juan La Laguna-Patzún
2023,507,1,119.4,Flatt,Kanchanaburi-Kanchanaburi
2023,507,2,179,Flatt,Kanchanaburi-Phra Nakhon Sri Ayutthaya
2023,507,3,195,Smaakupert-MF,Phra Nakhon Sri Ayutthaya-Khao Yai National Park
2023,507,4,203.2,Flatt,Khao Yai National Park-Aranyaprathet
2023,507,5,169,Flatt,Aranyaprathet-Chanthaburi
2023,507,6,167.3,Flatt,Chanthaburi-Rayong
2023,6,1,165.4,Flatt,Vitoria-Gasteiz-Labastida
2023,6,2,193.8,Smaakupert,Viana-Leitza
2023,6,3,162.2,Smaakupert-MF,Errenteria-Amasa-Villabona
2023,6,4,175.7,Smaakupert,Santurizi-Santurizi
2023,6,5,164.5,Smaakupert,Amorebieta-Etxano-Amorebieta-Etxano
2023,6,6,137.8,Fjell,Eibar-Eibar
2023,217,1,162.1,Flatt,St-Nazaire-St-Gilles-Croix-de-Vie
2023,217,2,169.4,Flatt,Clisson-Le Lion d'Angers
2023,217,3,197.1,Smaakupert,Baugé-en-Anjou-Mayenne
2023,217,4,177.8,Smaakupert,Sablé-sur-Sarthe-Le Mans
2023,293,1,89.6,Smaakupert,Nouvion-sur-Meuse-Sedan
2023,293,2,185.6,Smaakupert,Renneville-Gruyères
2023,293,3,169.6,Smaakupert,Chooz-Haybes
2023,293,4,136.7,Smaakupert,Bazeilles-Charleville-Mézières
2023,11248,1,159,Smaakupert-MF,Marsala-Agrigento
2023,11248,2,193,Flatt,Canicattì-Vittoria
2023,11248,3,150,Smaakupert-MF,Enna-Termini Imerse
2023,11248,4,216,Fjell-MF,Barcellona Pozzo di Gotto-Giarre
2023,294,1,146,Flatt,Blois-Chailles
2023,294,2,166.5,Flatt,Sassay-Selommes
2023,294,3,178,Smaakupert,Fréteval-Vendôme
2023,294,4,197,Flatt,Vernou-en-Sologne-Vernou-en-Sologne
2023,294,5,97.5,Flatt,Blois-Blois
2023,62,1,127.5,Smaakupert-MF,Rattenberg-Alpbach
2023,62,2,165.2,Fjell-MF,Reith im Alpbachtal-Ritten
2023,62,3,162.5,Fjell-MF,Ritten-Brentonico San Valentino
2023,62,4,152.9,Smaakupert,Rovereto-Predazzo
2023,62,5,144.5,Smaakupert,Cavalese-Brunico
2023,9018,1,147.9,Flatt,Beograd-Bijeljina
2023,9018,2,135.8,Smaakupert-MF,Bijeljina-Vlasenica
2023,9018,3,166.2,Flatt,Doboj-Prijedor
2023,9018,4,137.1,Flatt,Novi Grad-Banjaluka
2023,82,1,152.9,Flatt,Plouescat-Saint-Pol-de-Léon
2023,82,2,172.2,Smaakupert,Sibril-Melgven
2023,82,3,187,Smaakupert,Trégunc-Le Quillio
2023,82,4,182.1,Smaakupert-MF,Le Mené-Plumelec
2023,82,5,173.9,Flatt,Sérent-Louisfert
2023,82,6,209.4,Smaakupert-MF,Châteaubriant-Plancoët
2023,82,7,155,Flatt,Piré-Chancé-Châteaugiron
2023,12,0,6.8,Tempo,Port-Valais-Port-Valais
2023,12,1,170.9,Smaakupert,Crissier-Vallée-de-Joux
2023,12,2,162.7,Smaakupert,Morteau-La Chaux-de-Fonds
2023,12,3,18.8,Tempo,Châtel-Saint-Denis-Châtel-Saint-Denis
2023,12,4,161.6,Fjell-MF,Sion-Thyon 2000
2023,12,5,170.8,Smaakupert,Vufflens-la-Ville-Genève
2023,239,1,148.1,Smaakupert-MF,Silver City-Mogollon
2023,239,2,122.6,Smaakupert,Fort Bayard-Fort Bayard
2023,239,3,26,Tempo,Tyrone-Tyrone
2023,239,4,69.5,Flatt,Silver City-Silver City
2023,239,5,161.9,Fjell-MF,Silver City-Piños Altos
2023,153,1,182,Smaakupert,Oviedo-Pola de la Lena
2023,153,2,182,Fjell,Candás-Cangas del Narcea
2023,153,3,146.5,Smaakupert,Cangas del Narcea-Oviedo
2023,314,1,4,Lagtempo,Budapest-Budapest | TTT
2023,314,2,143.5,Flatt,Bánovce nad Bebravou-Bánovce nad Bebravou
2023,314,3,134.7,Smaakupert,Stará Lubovna-Stará Lubovna
2023,314,4,131.9,Smaakupert,Zapora Niedzica-Podegrodzie
2023,314,5,83.5,Smaakupert,Iwonicz Zdrój-Rymanów Zdrój
2023,6156,1,132.5,Flatt,Parakou-Djougou
2023,6156,2,156.4,Flatt,Parakou-Savè
2023,6156,3,140.5,Flatt,Abomey-Comé
2023,6156,4,109.5,Flatt,Kétou-Porto-Novo
2023,6156,5,124.7,Flatt,Sèhouè-Cotonou
2023,513,0,6,Tempo,Karteros-Karteros
2023,513,1,187.7,Smaakupert,Heraklion-Heraklion
2023,513,2,167.3,Smaakupert,Mycenea-Kalamata
2023,513,3,153,Flatt,Costa Navarino-Kyparissia
2023,513,4,133.5,Flatt,Costa Navarino-Olympia
2023,3672,1,184.2,Fjell,El Rodeo-El Rodeo
2023,3672,2,118.3,Flatt,Poman-Huillapima
2023,3672,3,99.8,Fjell-MF,Alijilan-Alto de Portezuelo
2023,3672,4,126.1,Flatt,San Fernando del Valle-San Fernando del Valle
2023,13,1,19.6,Tempo,Fossacesia Marina-Ortona
2023,13,2,202,Flatt,Teramo-San Salvo
2023,13,3,213,Smaakupert,Vasto-Melfi
2023,13,4,175,Smaakupert,Venosa-Lago Laceno
2023,13,5,171,Flatt,Atripalda-Salerno
2023,13,6,162,Flatt,Napoli-Napoli
2023,13,7,218,Fjell-MF,Capua-Gran Sasso d'Italia
2023,13,8,207,Smaakupert,Teri-Fossombrone
2023,13,9,35,Tempo,Savignano sul Rubicone-Cesena
2023,13,10,196,Smaakupert,Scandiano-Viareggio
2023,13,11,219,Flatt,Camaiore-Tortona
2023,13,12,185,Smaakupert,Bra-Rivoli
2023,13,13,74.6,Fjell-MF,Borgofranco d'Ivrea- Crans Montana
2023,13,14,196,Smaakupert,Sierre-Cassano Magnago
2023,13,15,195,Fjell,Seregno-Bergamo
2023,13,16,203,Fjell-MF,Sabbio Chiese-Monte Bondone
2023,13,17,197,Flatt,Pergine Valsugana-Caorle
2023,13,18,161,Fjell-MF,Oberze-Val di Zoldo
2023,13,19,183,Fjell-MF,Longarone-Tre Cime di Lavaredo
2023,13,20,18.6,Bakketempo,Tarvisio-Monte Lussari
2023,13,21,126,Flatt,Roma-Roma
2023,765,1,168,Flatt,Szentgotthard-Szentgotthard
2023,765,2,175,Flatt,Zalaegerszeg-Keszthely
2023,765,3,180,Smaakupert-MF,Kaposvar-Pecs
2023,765,4,206,Fjell-MF,Martonvasar-Dobogoko
2023,765,5,150,Flatt,Budapest-Budapest
2023,17336,1,140.7,Flatt,Ciudad de Formosa-Laguna Blanca
2023,17336,2,123.8,Flatt,Ciudad de Formosa-Herradura
2023,17336,3,189.8,Flatt,Ciudad de Formosa-El Colorado
2023,17336,4,8,Tempo,Ciudad de Formosa-Ciudad de Formosa
2023,17336,5,97,Flatt,Ciudad de Formosa-Ciudad de Formosa
2023,175,1,196.6,Flatt,Dunkerque-Abbeville
2023,175,2,162,Smaakupert-MF,Compiègne-Laon
2023,175,3,15.9,Tempo,Saint-Quentin-Saint-Quentin
2023,175,4,173.8,Flatt,Maubeuge-Achicourt
2023,175,5,187.7,Smaakupert-MF,Roubaix-Casse
2023,175,6,173.3,Flatt,Avion-Dunkerque
2023,67,0,3.2,Tempo,Esch-sur-Alzette-Esch-sur-Alzette
2023,67,1,156.8,Flatt,Rumelange-Rumelange
2023,67,2,131.9,Smaakupert-MF,Bourscheid-Bourscheid
2023,67,3,154,Flatt,Sanem-Sanem
2023,67,4,147.1,Flatt,Esch-sur-Alzette-Esch-sur-Alzette
2023,16532,1,4.1,Tempo,Sakarya-Sakarya
2023,16532,2,119,Smaakupert,Sakarya-Camili
2023,16532,3,136,Flatt,Sakarya-Sakarya
2023,16532,4,138,Flatt,Sakarya-Sakarya
2023,919,1,146.2,Smaakupert,Fayetteville-Fayetteville
2023,919,2,143.9,Smaakupert-MF,Fayetteville-Mount Sequoyah
2023,919,3,4.8,Bakketempo,Devil's Den State Park-Devil's Den State Park
2023,919,4,58.2,Flatt,Fayetteville-Fayetteville
2023,341,1,2.6,Tempo,Sakai-Sakai
2023,341,2,103.6,Smaakupert,Kyoto-Kyoto
2023,341,3,127,Flatt,Inabe City-Inabe City
2023,341,4,137.3,Flatt,Yokogoshi-Yokogoshi
2023,341,5,120.9,Smaakupert,Shimohisakata-Shimohisakata
2023,341,6,11.4,Fjell-MF,Mount Fuji-Mount Fuji
2023,341,7,107.5,Flatt,Hashimoto Park-Toriibara Fureai
2023,341,8,105.2,Flatt,Tokyo-Tokyo
2023,7657,1,142.3,Smaakupert-MF,Tirana-Kerrabe
2023,7657,2,153.3,Flatt,Tirana-Elbasan
2023,7657,3,142,Flatt,Elbasan-Vlore
2023,7657,4,180,Flatt,Vlore-Permet
2023,7657,5,122,Flatt,Permet-Fier
2023,315,1,145.9,Flatt,Charvieu-Chavagneux-Charvieu-Chavagneux
2023,315,2,144.8,Smaakupert,Saint-Andre-le-Gaz-Four
2023,315,3,174.5,Flatt,Ccel Saint-Exupery-Colombier-Saugnieu
2023,315,4,181.8,Smaakupert,Monsteroux-Milieu-Saint-Mauricel-L'Exil
2023,315,5,161.2,Fjell-MF,Saint-Thibaud de Couz-Saint-Pierre de Chartreuse
2023,10674,1,130,Flatt,Kapsosvár- Balatonföldvar
2023,10674,2,152,Smaakupert,Hatvan- Bükkszentkereszt
2023,10674,3,124,Fjell-MF,Levoca- Strbské Pleso
2023,10674,4,129,Smaakupert,Bukovina-Nowy Sacz
2023,10674,5,145,Smaakupert-MF,Sanok-Hotel Arlamów
2023,343,0,4.1,Tempo,Espace Mayenne Laval-Espace Mayenne Laval
2023,343,1,185.2,Smaakupert,Saint-Mars-sur-Colmont-Lassay-les-châteaux
2023,343,2,178.8,Flatt,Saint-Berthevin-Meslay-du-Maine
2023,343,3,167,Flatt,Montsûrs-Laval
2023,7767,1,160.2,Flatt,Verdun-Pont-à-Mousson
2023,7767,2,159.3,Smaakupert,Saint Amarin-Corcieux
2023,7767,3,178.4,Flatt,Tomblaine-Damelevières
2023,250,1,192.6,Flatt,Tallinn-Tartu
2023,250,2,164.8,Flatt,Tartu-Tartu
2023,4008,1,15.8,Lagtempo,Seia-Gouveia | TTT
2023,4008,2,123.5,Flatt,Fornos de Algodres-Figueira de Castelo Rodrigo
2023,4008,3,176.8,Flatt,Penamacor-Pinhel
2023,4008,4,183.7,Fjell,Fundão-Guarda
2023,71,0,7.4,Bakketempo,Bergen-Mt. Fløyen
2023,71,1,85.2,Smaakupert,Jondal-Hovden
2023,71,2,165.6,Flatt,Valle-Stavanger
2023,71,3,151,Smaakupert,Stavanger-Stavanger
2023,552,0,0.7,Tempo,Linz-Linz
2023,552,1,181.2,Flatt,Eferding-Geinberg
2023,552,2,156.5,Smaakupert,Wels-Bad Leonfelden
2023,552,3,146.3,Fjell-MF,Asten-Hinterstoder Höss
2023,386,0,1.4,Bakketempo,Krakow-Krakow
2023,386,1,147,Smaakupert-MF,Koszyce-Myslenice
2023,386,2,161,Smaakupert,Wieliczka-Nowy Targ
2023,386,3,140,Fjell-MF,Jablonka-Stary Sacz Przehyba
2023,345,1,145.9,Flatt,Beauvais-Clermont
2023,345,2,181,Flatt,Breteuil-Margny les Compiegne
2023,345,3,189.9,Flatt,Andeville-Le Plessis-Belleville
2023,345,4,158.9,Smaakupert,Breuil le Sec-Liancourt
2023,473,1,100.3,Flatt,Figuil-Garoua
2023,473,2,99.2,Flatt,Garoua-Garoua
2023,473,3,108,Flatt,Pouma-Kribi
2023,473,4,160.1,Flatt,Kribi-Douala
2023,473,5,109.6,Flatt,Douala-Douala
2023,473,6,105.1,Smaakupert-MF,Loum-Dschang
2023,473,7,120.9,Flatt,Bangangte-Bafia
2023,473,8,118.1,Smaakupert,Bafia-Yaoundé
2023,502,1,63.7,Smaakupert,Kumano-Kumano
2023,502,2,104.3,Flatt,Taiji-Taiji
2023,15,1,158,Smaakupert,Chambon-sur-Lac-Chambon-sur-Lac
2023,15,2,167.3,Smaakupert,Brassac-les-Mines-La Chaise-Dieu
2023,15,3,191.1,Flatt,Monistrol-sur-Loire-Le Coteau
2023,15,4,31.1,Tempo,Cours-Belmont-de-la-Loire
2023,15,5,191.1,Smaakupert,Cormoranche-sur-Saône-Salins-les-Bains
2023,15,6,170.2,Smaakupert-MF,Nantua-Crest-Voland
2023,15,7,147.9,Fjell-MF,Porte-de-Savoie-Col de la Croix de Fer
2023,15,8,152.8,Fjell-MF,Le Pont-de-Claix-La Bastille – Grenoble Alpes Métropole
2023,5228,1,128.5,Smaakupert,Beau Plan-Cote d'Or
2023,5228,2,20.5,Lagtempo,Fenrey-Union Vale | TTT
2023,5228,3,115.1,Smaakupert,Cascavelle-Grand Bassin
2023,5228,4,106,Flatt,Soreze-Soreze
2023,18950,1,149.9,Smaakupert,Baku-Shamakhi
2023,18950,2,176.2,Smaakupert-MF,Gabala-Gabala
2023,18950,3,170,Flatt,Gabala-Ganja
2023,18950,4,102.9,Smaakupert-MF,Ganja-Göygöl
2023,18950,5,132.2,Fjell,Beylagan-Shusha
2023,213,0,6.6,Tempo,Heinkenszand-Heinkenszand
2023,213,1,203.1,Flatt,Westkapelle-'s-Heerenhoek
2023,213,2,184,Flatt,Schijndel-Buchten
2023,213,3,194.1,Flatt,Roosendaal-Roosendaal
2023,213,4,158.5,Flatt,Oosterhout-Oosterhout
2023,14005,0,3.1,Tempo,Jeseník-Jeseník
2023,14005,1,121.9,Smaakupert,Jeseník-Rýmarov
2023,14005,2,129.1,Fjell-MF,Bruntál-Cervenohorské sedlo
2023,14005,3,166.1,Fjell,Jeseník-Jeseník
2023,2119,1,161.2,Flatt,Châteaudun-Luisant
2023,2119,2,189.1,Smaakupert,Gallardon-Argenvilliers
2023,2119,3,172.5,Flatt,Orgères-en-Beauce-Chartres
2023,20012,1,142,<td></td>,Kirikkale-Kirikkale
2023,20012,2,164,<td></td>,Kirikkale-Kirikkale
2023,226,1,9.4,Tempo,Agliè-Agliè
2023,226,2,151,Smaakupert-MF,San Francesco al Campo-Cherasco
2023,226,3,141,Flatt,Priocca-Magenta
2023,226,4,119,Fjell-MF,Morbegno-Passo dello Stelvio
2023,226,5,159,Smaakupert,Cesano Maderno-Manerba del Garda
2023,226,6,165,Smaakupert,Pergine Valsugana-Povegliano
2023,226,7,176,Smaakupert,Possagno-Pian del Cansiglio
2023,226,8,135,Flatt,Tavagnacco-Trieste
2023,16,1,12.7,Tempo,Einsiedeln-Einsiedeln
2023,16,2,173.7,Flatt,Beromünster-Nottwil
2023,16,3,143.8,Fjell-MF,Tafers-Villars-sur-Ollon
2023,16,4,152.5,Fjell-MF,Monthey-Leukerbad
2023,16,5,207.1,Fjell,Fiesch-La Punt
2023,16,6,215.3,Smaakupert,La Punt-Oberwil
2023,16,7,183.5,Flatt,Tübach-Weinfelden
2023,16,8,25.7,Tempo,St.Gallen-Abtwil
2023,235,1,143,Smaakupert-MF,Saint-Georges-Notre-Dame-des-Pins
2023,235,2,169,Flatt,Saint-Odilon-de-Cranbourn-Saint-Odilon-de-Cranbourn
2023,235,3,169,Smaakupert-MF,Lac-Mégantic-Mont Mégantic
2023,235,4,70,Flatt,Québec-Québec
2023,235,5,122,Smaakupert,Saint-Georges-Saint-Georges
2023,211,1,188.6,Flatt,Celje-Rogaska Slatina
2023,211,2,163.1,Flatt,Zalec-Ormoz
2023,211,3,173.4,Smaakupert,Grosuplje-Postojna
2023,211,4,165.6,Fjell,Ljubljana-Kobarid
2023,211,5,142.6,Flatt,Vrhinka-Novo mesto
2023,60,1,183.4,Flatt,Scherpenheuvel-Zichem-Scherpenheuvel-Zichem
2023,60,2,175.7,Flatt,Merelbeke-Knokke-Heist
2023,60,3,15.2,Tempo,Beveren-Beveren
2023,60,4,172.6,Smaakupert-MF,Durbuy-Durbuy
2023,60,5,194.8,Flatt,Brussel-Brussel
2023,212,1,187.3,Flatt,Narbonne-Gruissan
2023,212,2,182,Smaakupert,Cazouls-Lès-Béziers-Graulhet
2023,212,3,189,Fjell-MF,Gimont Portes du Gers-Nistos Cap Nestès
2023,212,4,164.7,Smaakupert,St Gaudens-St Girons Ariège Pyrénées
2023,14426,0,3.2,Tempo,Courcelles-Lès-Montbéliard-Courcelles-Lès-Montbéliard
2023,14426,1,171.6,Smaakupert,Colombier-Fontaine-Colombier-Fontaine
2023,14426,2,160,Flatt,Dampierre-les-Bois-Dampierre-les-Bois
2023,86,0,7.8,Tempo,Yopal-Yopal
2023,86,1,197.3,Flatt,Yopal-Yopal
2023,86,2,160.1,Smaakupert,Tibasosa-Gachancipá
2023,86,3,105,Flatt,Ibagué-Ibagué
2023,86,4,119.3,Fjell-MF,Ibagué-Alto de la Línea
2023,86,5,165.5,Fjell,La Virginia-Apía
2023,86,6,164.8,Smaakupert-MF,Dosquebradas-Belalcázar
2023,86,7,195.9,Fjell-MF,Pereira-Manizales
2023,86,8,179.7,Smaakupert-MF,La Pintada-Cañasgordas
2023,86,9,42,Tempo,La Ceja-La Ceja
2023,257,1,83,Flatt,Lodz-Skierniewice
2023,257,2,85.5,Flatt,Zgierz-Kutno
2023,257,3,166.7,Flatt,Koluszki-Sieradz
2023,257,4,218.6,Smaakupert,Pabianice-Kielce
2023,257,5,175.2,Flatt,Ostrowiec-Steel Wola
2023,17,1,182,Smaakupert,Bilbao- Bilbao
2023,17,2,207.3,Smaakupert,Vitoria-Gasteiz- San Sebastian
2023,17,3,193.5,Flatt,Amorebieta-Etxano-Bayonne
2023,17,4,181.8,Flatt,Dax-Nogaro
2023,17,5,162.7,Fjell,Pau-Laruns
2023,17,6,144.9,Fjell-MF,Tarbes-Cauterets-Cambasque
2023,17,7,169.9,Flatt,Mont-de-Marsan-Bordeaux
2023,17,8,200.7,Smaakupert,Liburne-Limoges
2023,17,9,182.4,Fjell-MF,Saint-Léonard-de-Noblat-Puy de Dôme
2023,17,10,167.2,Smaakupert,Vulcania-Issoire
2023,17,11,179.3,Flatt,Clermont-Ferrand-Moulins
2023,17,12,168,Smaakupert,Roanne-Belleville-en-Beaujolais
2023,17,13,137.8,Fjell-MF,Châtillon-sur-Chalaronne-Grand Colombier
2023,17,14,150.4,Fjell,Annemasse-Morzine
2023,17,15,179,Fjell-MF,Les Gets-Saint Gervais Mont-Blanc
2023,17,16,22.4,Tempo,Passy-Combloux
2023,17,17,165.7,Fjell,Saint Gervais Mont-Blanc-Courchevel
2023,17,18,184.9,Smaakupert,Moûtiers-Bourg-en-Bresse
2023,17,19,172.8,Flatt,Moirans-en-Montagne-Poligny
2023,17,20,133.5,Fjell,Belfort-Le Markstein
2023,17,21,115.1,Flatt,Saint-Quentin-en-Yvelines-Paris
2023,38,1,147.6,Smaakupert,Dornbirn-Dornbirn
2023,38,2,158.5,Smaakupert,St.Anton-Innsbruck
2023,38,3,148.5,Fjell,Sillian-St.Johann
2023,38,4,197,Flatt,St.Johann-Steyr
2023,38,5,155.8,Smaakupert-MF,Ybbs-Sonntagberg
2023,258,1,199,Flatt,Sibiu-Sibiu
2023,258,2,155,Fjell-MF,Sibiu-Bâlea Lac
2023,258,3,202,Fjell-MF,Brezoi-Paltins
2023,258,4,97.3,Smaakupert,Sibiu-Sibiu
2023,258,5,3.3,Tempo,Sibiu-Sibiu
2023,127,1,109,Flatt,Xining-Xining
2023,127,2,132,Fjell,Duoba-Guide
2023,127,3,201,Fjell,Guide-Huzhu
2023,127,4,189,Smaakupert,Huzhu-Menyuan
2023,127,5,170,Smaakupert,Menyuan-Qilian
2023,127,6,206,Fjell,Qilian-Xihaizhen
2023,127,7,127,Smaakupert,Xihaizhen-Gonghe
2023,127,8,200,Flatt,Gonghe-Caka SaltLake
2023,229,1,80.9,Flatt,Arvier-Arvier
2023,229,2,125.1,Fjell-MF,Courmayeur-Val Veny
2023,229,3,138.1,Fjell-MF,Saint Vincent-Bionaz
2023,229,4,172.5,Smaakupert-MF,Verrayes-Fénis
2023,229,5,99.7,Fjell-MF,Valtournenche-Breuil Cervinia
2023,398,0,8,Tempo,Turcifal-Turcifal
2023,398,1,156.7,Flatt,Sobral de Monte Agraco-Foz do Arelho
2023,398,2,143.7,Smaakupert,Serra D'el-Rei-Torres Vedras
2023,398,3,185.8,Fjell-MF,Lourinhã-Alto de Montejunto
2023,703,0,2,Tempo,Szekzárd-Szekzárd
2023,703,1,177.5,Flatt,Szekzárd-Szekzárd
2023,703,2,144.6,Smaakupert,Szekzárd-Szekzárd
2023,20780,1,118.1,Flatt,Shexian Ancient City-Huangshan District
2023,20780,2,101,Smaakupert,Huangshan District-Yixian
2023,20780,3,140,Flatt,Huangshan-Huangshan
2023,193,1,189.6,Smaakupert,Huy-Hamoir
2023,193,2,179.7,Smaakupert,Saint-Ghislain-Walcourt
2023,193,3,186.8,Smaakupert,Thuin-Mont-Saint-Guibert
2023,193,4,32.7,Tempo,Mons-Mons
2023,193,5,215,Smaakupert,Banneux-Aubel
2023,230,1,4.3,Lagtempo,Sausheim-Sausheim | TTT
2023,230,2,166.1,Flatt,Europa-Park-Sélestat
2023,230,3,132.6,Fjell-MF,Vesoul-La Planche des Belles Filles
2023,230,4,197,Smaakupert,Tagolsheim-Altkirch
2023,230,5,137.7,Fjell,Ribeauville-Cernay
2023,563,1,168,Flatt,Teresin-Teresin
2023,563,2,165,Flatt,Grodzisk Mazowiecki-Grodzisk Mazowiecki
2023,563,3,154.3,Flatt,Plonsk-Plonsk
2023,563,4,165,Flatt,Kozienice-Kozienice
2023,85,1,168.9,Smaakupert,Soria-Soria
2023,85,2,186.2,Fjell,Coca-Segovia
2023,15209,1,165,Flatt,Prostejov-Unicov
2023,15209,2,166.9,Smaakupert-MF,Olomouc-Pustenvy
2023,15209,3,161.5,Fjell-MF,Moravska Trebova-Cervenohorske Sedlo
2023,15209,4,176.2,Smaakupert,Sumperk-Stenberg
2023,385,1,11.8,Tempo,Bégard-Bégard
2023,385,2,209.3,Flatt,Calanhel-Priziac
2023,385,3,183.6,Smaakupert,Locmalo-Carhaix
2023,385,4,189.5,Smaakupert,Plouisy-Rostrenen
2023,19,1,183.7,Flatt,Poznan-Poznan
2023,19,2,202.9,Smaakupert-MF,Leszno-Karpacz
2023,19,3,162.3,Smaakupert-MF,Walbrzych-Duszniki-Zdrój
2023,19,4,199.1,Flatt,Strzelin-Opole
2023,19,5,198.8,Smaakupert-MF,Pszczyna-Bielsko-Biala
2023,19,6,16.6,Tempo,Katowice-Katowice
2023,19,7,166.6,Flatt,Zabrze-Kraków
2023,63,1,154.5,Flatt,Loyettes-La Plaine Tonique
2023,63,2,123.3,Fjell,Saint-Vulbas-Lagnieu
2023,63,3,131.5,Fjell-MF,Oyonnax-Lelex Mont Jura
2023,20021,1,208.8,Smaakupert,Sivas-Amasya
2023,20021,2,89.4,Flatt,Amasya-Havza
2023,20021,3,135.2,Smaakupert,Havza-Samsun
2023,20021,4,176.1,Smaakupert,Samsun-Çorum
2023,20021,5,174.4,Smaakupert,Çankiri-Ankara
2023,586,0,6,Tempo,Capesterre-Belle-Eau-Capesterre-Belle-Eau
2023,586,1,166.6,Flatt,Gosier-Baie-Mahault
2023,586,2,161.4,Flatt,Morne-à-l'eau-Port-Louis
2023,586,3,158,Smaakupert-MF,Trois-Rivières-Baillif
2023,586,4,161,Flatt,Saint-Francois-Sainte-Anne
2023,586,5,159.1,Flatt,Deshaies-Abymes
2023,586,6,145.9,Smaakupert-MF,Basse-Terre-Vieux-Habitants
2023,586,7,164.9,Flatt,Sainte-Rose-Petit-Bourg
2023,586,8,12.5,Tempo,Vieux-Fort-Saint-Claude
2023,586,9,153,Flatt,Pointe-à-Pitre-Les Champs de Houlbourg
2023,566,0,4.5,Tempo,Sfantu Gheorghe-Sfantu Gheorghe
2023,566,1,115,Flatt,Sfantu Gheorghe-Miercurea Ciuc
2023,566,2,158.6,Smaakupert-MF,Miercurea Ciuc-Târgu Mures
2023,566,3,145.1,Smaakupert,Târgu Mures-Miercurea Ciuc
2023,197,0,3.6,Tempo,Viseu-Viseu
2023,197,1,188.5,Flatt,Anadia-Ourém
2023,197,2,177.3,Flatt,Abrantes-Vila Franca de Xira
2023,197,3,191.8,Flatt,Sines-Loulé
2023,197,4,184.5,Flatt,Estremoz-Castelo Branco
2023,197,5,184.3,Fjell-MF,Macão-Covilhã
2023,197,6,168.5,Smaakupert-MF,Penamacor-Guarda
2023,197,7,162.6,Fjell-MF,Torre de Moncorvo-Montalegre
2023,197,8,146.7,Smaakupert,Boticas-Fafe
2023,197,9,174.5,Fjell-MF,Paredes-Mondim de Basto
2023,197,10,18.2,Tempo,Viana do Castelo-Viana do Castelo
2023,192,1,161,Flatt,Villalba de Duero-Burgos
2023,192,2,13.1,Lagtempo,Oña-Poza de la Sal | TTT
2023,192,3,175,Fjell,Sargentes da la Lora-Villarcayo
2023,192,4,157,Smaakupert-MF,Santa Gadea del Cid-Pradoluengo
2023,192,5,160,Fjell-MF,Golmayo-Lagunas de Neila
2023,191,1,165.7,Smaakupert,Rilhac-Rancon-Bénévent L'Abbaye
2023,191,2,185.6,Flatt,Excideuil-Trélissac
2023,191,3,194.5,Smaakupert-MF,Sarran-Bortles Orgues
2023,191,4,170.6,Flatt,Saint-Yrieix-la-Perche-Limoges
2023,32,1,169.8,Flatt,Aalborg-Aalborg
2023,32,2,163.5,Smaakupert,Kjellerup-Silkeborg
2023,32,3,209,Smaakupert-MF,Vejen-Vejle
2023,32,4,177.8,Flatt,Kalundborg-Bagsværd
2023,32,5,16.1,Tempo,Helsingør-Helsingør
2023,259,1,171,Flatt,Kautokeino-Alta
2023,259,2,153.4,Flatt,Alta-Hammerfest
2023,259,3,167,Smaakupert-MF,Hammerfest-Havøysund
2023,259,4,171.4,Smaakupert,Kvalsund-Nordkapp
2023,391,1,198.7,Flatt,Tartu-Valga
2023,391,2,161.6,Flatt,Sigulda-Sigulda
2023,391,3,156.5,Flatt,Panevežys-Panevežys
2023,44,1,142.2,Flatt,Carnac-La Gacilly
2023,44,2,195,Flatt,Nozay-Chinon
2023,44,3,26.5,Lagtempo,Vatan-Issoudun | TTT
2023,44,4,133,Smaakupert-MF,Aigurande-Evaux-les-Bains
2023,44,5,138.3,Smaakupert,La Tour-de-Salvagny-Lac d'Aiguebelette
2023,44,6,65,Fjell-MF,Méribel-Col de la Loze
2023,44,7,11.1,Bakketempo,Montricher-Albanne Les Karellis-Montricher-Albanne Les Karellis
2023,44,8,72,Fjell,Les Karellis-Val-Cenis Col du Mont Cenis
2023,44,9,99.6,Fjell-MF,Val-Cenis-Sainte Foy Tarentaise
2023,187,1,195.2,Flatt,Confolens-Matha
2023,187,2,184.7,Flatt,Aulnay de Saintonge-Bressuire
2023,187,3,93.1,Flatt,Coussay-les-Bois-La Roche-Posay
2023,187,4,22.1,Tempo,La Roche-Posay-La Roche-Posay
2023,187,5,170.4,Flatt,Moncoutant-Poitiers
2023,36,0,2.3,Tempo,St.Wendel-St.Wendel
2023,36,1,179,Smaakupert,St.Wendel-Merzig
2023,36,2,201.3,Smaakupert-MF,Kassel-Winterberg
2023,36,3,173.8,Flatt,Arnsberg-Essen
2023,36,4,175.6,Flatt,Hannover-Bremen
2023,21,1,182.9,Flatt,Blankenberge- Ardooie
2023,21,2,13.6,Tempo,Sluis-Sluis
2023,21,3,171.2,Brosten,Aalter- Gerardsbergen
2023,21,4,179.4,Flatt,Beringen- Peer
2023,21,5,187.3,Smaakupert,Riemst- Bilzen
2023,20013,1,7.1,Tempo,Sivas-Sivas
2023,20013,2,146.2,Smaakupert,Sivas-Sivas
2023,20013,3,170,Fjell,Sivas-Divrigi
2023,955,0,1,Tempo,Sofia-Sofia
2023,955,1,70.2,Flatt,Sofia-Pirdop
2023,955,2,88.9,Fjell,Pirdop-Troyan
2023,955,3,108.3,Smaakupert,Troyan-Kazanlak
2023,955,4,180.5,Flatt,Kazanlak-Burgas
2023,955,5,114,Flatt,Burgas-Sliven
2023,955,6,126.4,Smaakupert-MF,Sliven-Shumen
2023,23,1,14.8,Lagtempo,Barcelona-Barcelona | TTT
2023,23,2,172,Smaakupert-MF,Mataró-Barcelona
2023,23,3,158.5,Fjell-MF,Súria- Arinsal
2023,23,4,184.6,Flatt,Andorra la Vella-Tarragona
2023,23,5,186.2,Smaakupert,Morella-Burriana
2023,23,6,179.4,Fjell-MF,La Vall d'Uixó-Observatorio Astrofísico de Javalambre
2023,23,7,200.8,Flatt,Utiel-Oliva
2023,23,8,165,Fjell,Dénia-Xorret de Catí
2023,23,9,184.5,Smaakupert-MF,Cartagena-Caravaca de la Cruz
2023,23,10,25.8,Tempo,Valladolid-Valladolid
2023,23,11,158.2,Smaakupert-MF,Lerma-La Laguna Negra
2023,23,12,149.1,Flatt,Ólvega-Zaragoza
2023,23,13,134.7,Fjell-MF,Formigal- Col du Tourmalet
2023,23,14,156.2,Fjell-MF,Sauveterre-de-Béarn-Larra-Belagua
2023,23,15,158.3,Smaakupert,Pamplona-Lekunberri
2023,23,16,119,Smaakupert-MF,Liencres-Bejes
2023,23,17,124.4,Fjell-MF,Ribadesella-Altu de L'Angliru
2023,23,18,176.5,Fjell-MF,Pola de Allande-La Cruz de Linares
2023,23,19,177.1,Flatt,La Bañeza-Íscar
2023,23,20,207.8,Smaakupert,Manzanares El Real-Guadarrama
2023,23,21,100.3,Flatt,Madrid-Madrid
2023,434,1,153.8,Flatt,Tabriz-Urmiae
2023,434,2,148.9,Smaakupert,Tabriz-Jolfa
2023,434,3,128.3,Fjell,Jolfa-Shabestar (Benis)
2023,434,4,193,Fjell,Tabriz-Sarein
2023,434,5,197.9,Smaakupert-MF,Sarein-Tabriz
2023,538,1,160.3,Flatt,San Giorgio di Nogaro-San Giorgio di Nogaro
2023,538,2,156.3,Flatt,Rivoli di Osoppo-Colloredo di Monte Albano
2023,538,3,150.2,Fjell-MF,Cordenons-Sauris di Sopra
2023,538,4,160.2,Smaakupert,Sesto al Reghena-Triestie
2023,15096,1,140.2,Flatt,Nieuwpoort-Nieuwpoort
2023,15096,2,156.4,Flatt,Poperinge-Poperinge
2023,15096,3,12.7,Tempo,Koksijde-Wulpen
2023,15096,4,124.9,Flatt,Kortemark-Handzame
2023,10675,1,126.5,Flatt,Bansko-Razlog
2023,10675,2,135.6,Flatt,Banya-Razlog
2023,45,1,163.6,Smaakupert,Altrincham-Manchester
2023,45,2,109.9,Flatt,Wrexham-Wrexham
2023,45,3,154.7,Flatt,Goole-Beverley
2023,45,4,166.6,Flatt,Sherwood Forest-Newark-on-Trent
2023,45,5,192.4,Flatt,Felixstowe-Felixstowe
2023,45,6,146.3,Flatt,Southend-on-Sea-Harlow
2023,45,7,170.9,Smaakupert,Tewkesbury-Gloucester
2023,45,8,159.8,Smaakupert,Margam-Caerphilly
2023,401,1,140,Flatt,Trebon-Milevsko
2023,401,2,137,Flatt,Ceske Velenice-Studená
2023,401,3,123,Smaakupert-MF,Cesky Krumlov-Javorník
2023,401,4,161,Flatt,Ceske Budejovice-Jindrichuv Hradec
2023,9699,1,144.5,Smaakupert,Lebanë-Therande
2023,9699,2,144,Smaakupert,Morinë-Hani i Elezit
2023,9699,3,155.6,Flatt,Hani i Elezit-Morinë
2023,20020,1,132.7,<td></td>,Van-Tatvan
2023,20020,2,93.1,<td></td>,Tatvan-Malazgirt
2023,20020,3,119.2,<td></td>,Malazgirt-Ercis
2023,20020,4,125,<td></td>,Ercis-Van
2023,4048,1,113.7,Smaakupert,Shangrao-Shangrao
2023,4048,2,111.5,Flatt,Kaolin-Fuliang
2023,4048,3,151.3,Flatt,Mount Longhu-Mount Longhu
2023,4048,4,108.5,Flatt,Zixi-Zixi
2023,4048,5,107.9,Smaakupert,Wanli-Wanli
2023,16578,1,123,Smaakupert-MF,Khor Rori-Ayn Ishat
2023,16578,2,148,Fjell-MF,Sadah-Hajeef
2023,16578,3,104,Fjell,Al Haffa-Darbat
2023,16578,4,147,Flatt,Ain Razat-Ittin
2023,380,1,172.7,Flatt,Kosice-Kosice
2023,380,2,143.9,Flatt,Presov-Poprad
2023,380,3,171.6,Smaakupert,Ruzomberok-Martin
2023,380,4,149,Flatt,Prievizda-Nitra
2023,380,5,183.5,Smaakupert,Hlohovec-Puchov
2023,242,1,88.8,Flatt,Wuxi-Wuxi
2023,242,2,127.6,Flatt,Kunshan-Kunshan
2023,242,3,116.8,Flatt,Wujiang-Wujiang
2023,242,4,72.4,Flatt,Gaochun-Gaochun
2023,37,1,156.4,Smaakupert,Luxembourg-Luxembourg
2023,37,2,183.9,Flatt,Mondorf-les-Bains-Mamer
2023,37,3,168.4,Smaakupert,Mertert-Vianden
2023,37,4,23.9,Tempo,Pétange-Pétange
2023,37,5,177.2,Smaakupert,Mersch-Luxembourg
2023,16539,1,113.1,Flatt,Binzhou-Binzhou
2023,16539,2,221,Flatt,Binzhou-Binzhou
2023,128,1,187.4,Flatt,Kerteh-Kuala Terangganu
2023,128,2,186.2,Flatt,Kuala Terangganu-Kota Bharu
2023,128,3,183.1,Smaakupert,Jeli-Baling
2023,128,4,140.2,Flatt,Bukit Mertajam-Meru Raya
2023,128,5,126.4,Fjell-MF,Slim River-Genting Highlands
2023,128,6,174.5,Flatt,Karak-Melaka
2023,128,7,123.8,Flatt,Muar-Seramban
2023,128,8,156.5,Flatt,Setia Alam-Kuala Lumpur
2023,672,1,133.1,Flatt,Riobamba-Riobamba
2023,672,2,120.7,Smaakupert-MF,Riobamba-ESPE de Salcedo
2023,672,3,108.6,Smaakupert-MF,Machachi-Cayambe
2023,672,4,88.9,Smaakupert,Cotacachi-Cotacachi
2023,672,5,150.4,Fjell,Cotacachi-Mitad del Mundo
2023,672,6,116.1,Smaakupert-MF,Mitad del Mundo-Mitad del Mundo
2023,773,1,181,Flatt,Primosten-Sinj
2023,773,2,114.5,Flatt,Biograd na Moru-Novalja
2023,773,3,133.5,Flatt,Otocac-Opatija
2023,773,4,191,Fjell-MF,Krk-Labin
2023,773,5,189,Flatt,Crikvenica-Ozalj
2023,773,6,157.5,Flatt,Samobor-Zagreb
2023,20781,1,176.7,Flatt,Arnavutköy-Arnavutköy
2023,20781,2,134.9,Flatt,Sile-Sile
2023,20781,3,132,Flatt,Beykoz-Beykoz
2023,20781,4,92.9,Flatt,Istanbul-Istanbul
2023,445,1,109,Flatt,Kribi-Kribi
2023,445,2,165.2,Smaakupert,Yaoundé-Ebolowa
2023,445,3,104.2,Flatt,Ebolowa-Sangmelima
2023,445,4,96.3,Smaakupert,Sangmelima-Meyomessala
2023,445,5,118.9,Flatt,Zoétélé-Yaoundé
2023,139,1,92.7,Flatt,Qionghai-Qionghai
2023,139,2,215.8,Flatt,Qionghai-Baoting
2023,139,3,122.7,Fjell,Baoting-Wuzhishan
2023,139,4,237.1,Smaakupert,Wuzhishan-Changjiang
2023,139,5,212.1,Smaakupert,Changjiang-Sanya
2023,18945,1,145,Smaakupert,Kitakyushu-Omuta
2023,18945,2,108,Smaakupert,Minami Oguni-Minami Aso
2023,18945,3,129,Flatt,Hita-Hita
2023,152,1,135,Flatt,Alanya-Antalya
2023,152,2,166.5,Smaakupert,Kemer-Kalkan
2023,152,3,104.1,Fjell-MF,Fethiye-Badabag
2023,152,4,165.3,Smaakupert,Fethiye-Marmaris
2023,152,5,180.6,Smaakupert,Marmaris-Bodrum
2023,152,6,193.3,Smaakupert-MF,Bodrum-Selcuk
2023,152,7,159.8,Smaakupert,Selcuk-Izmir
2023,152,8,130.5,Flatt,Istanbul-Istanbul
2023,7591,1,135.6,Flatt,Beihai-Beihai
2023,7591,2,149.6,Flatt,Beihai-Qinzhou
2023,7591,3,134.3,Smaakupert,Nanning-Nanning
2023,7591,4,161.4,Smaakupert-MF,Nanning-Nongla Scenic Area
2023,7591,5,209.6,Flatt,Liuzhou-Guilin
2023,7591,6,168.3,Flatt,Guilin-Guilin
2023,18951,1,129.8,Flatt,Nyingchi City-Gongbujiangda County
2023,18951,2,89.9,Flatt,Gyantse-Shigatse
2023,18951,3,92.8,Flatt,Lhasa-Lhasa
2023,446,1,125,<td></td>,Ouagadougou-Pô
2023,446,2,135,<td></td>,Manga-Ziniaré
2023,446,3,145.6,<td></td>,Ouagadougou-Ouagadougou
2023,446,4,135,<td></td>,Ouagadougou-Koupela
2023,446,5,78,<td></td>,Tenkodogo-Zorgho
2023,446,6,115,<td></td>,Ouaga-Koudougou
2023,446,7,153,<td></td>,Koudougou-Boromo
2023,446,8,132.6,<td></td>,Bobo Dioulasso-Bobo Dioulasso
2023,446,9,125,<td></td>,Bobo Dioulasso-Pâ
2023,446,10,115,<td></td>,Sapone-Ouagadougou
2023,595,1,115.2,Flatt,San Benito-San Benito
2023,595,2,203,Fjell,Castillo de San Felipe-San José La Arada-Ipala
2023,595,3,119,Fjell,El Progreso-Fraijanes
2023,595,4,196,Smaakupert,Antigua Guatemala-Coatepeque
2023,595,5,91.5,Fjell-MF,Catarina-San Rafael Pie De La Cuesta
2023,595,6,142.7,Fjell-MF,Tecún Umán-Totonicapán
2023,595,7,124.6,Smaakupert-MF,La esperanza-Esquipulas Palo Gordo
2023,595,8,136.5,Fjell,Momostenango-Pamezabal
2023,595,9,133.8,Smaakupert,Aldea Barraneché-Cerro de la Cruz
2023,595,10,109.4,Flatt,Villa Linda-El Zapote
2023,9080,1,110.4,Flatt,Glenelg-Aldinga
2023,9080,2,90,Smaakupert,Birdwood-Uraidla
2023,9080,3,93.2,Smaakupert,Adelaide-Campbelltown
2023,18130,1,109,Flatt,Port Rashid-Dubai Harbour
2023,18130,2,133,Flatt,Al Dhafra Castle-Al Mirfa
2023,18130,3,107,Fjell-MF,Al Ain-Jebel Hafeet
2023,18130,4,119,Flatt,Abu Dhabi-Abu Dhabi
2023,9189,1,119,Flatt,Valencia-Sagunt
2023,9189,2,114,Smaakupert,Borriana-Vila-real
2023,9189,3,132,Fjell,Agost-Altea
2023,9189,4,113,Smaakupert,Tavernes-Gandia
2023,17279,1,53.5,Flatt,Ceriale-Ceriale
2023,17279,2,15.6,Lagtempo,San Lorenzo al Mare-San Remo | TTT
2023,17279,3,96,Smaakupert,Diana Marina-Marina Di Loano
2023,17279,4,92.7,Smaakupert,Pietra Ligure-Laigueglia
2023,17279,5,87.6,Flatt,San Bartolomeo al Mare-Diano Marina
2023,17279,6,100.3,Smaakupert,Diano Marina-Diano Marina
2023,19315,1,6.4,Lagtempo,Mérida-Mérida | TTT
2023,19315,2,114.1,Flatt,Don Benito-Cáceres
2023,19315,3,88.1,Fjell-MF,Cabezuela del Valle-Piornal
2023,18932,1,136.4,Flatt,Argentan-Bagnoles-de-l'orne
2023,18932,2,103.2,Smaakupert-MF,Le Have-Flamanville
2023,18932,3,114.5,Flatt,St.Pierre-en-auge-Caen
2023,9548,1,114.3,Fjell-MF,Silver City-Mogollon Climb
2023,9548,2,119.3,Smaakupert,Fort Bayard-Fort Bayard
2023,9548,3,26,Tempo,Tyrone-Tyrone
2023,9548,4,43.5,Flatt,Silver City-Silver City
2023,9548,5,106.1,Fjell-MF,Silver City-Piños Altos
2023,9549,1,104,Smaakupert-MF,Orlová-Štramberk
2023,9549,2,100,Smaakupert,Lichnov-Lichnov
2023,9549,3,13.5,Tempo,Havírov-Havírov
2023,9549,4,68.5,Smaakupert,Detmarovice-Orlová
2023,9549,5,101.6,Flatt,Orlová-Orlová
2023,9460,1,111.1,Smaakupert,Luxembourg-Steinfort
2023,9460,2,115.8,Smaakupert,Luxembourg-Garnich
2023,9058,1,14.5,Lagtempo,Torrevieja-Torrevieja | TTT
2023,9058,2,105.8,Flatt,Orihuela-Pilar de la Horadada
2023,9058,3,157.8,Flatt,Elche de la Sierra-La Roda
2023,9058,4,133.1,Smaakupert,Cuenca-Guadalajara
2023,9058,5,129.2,Smaakupert-MF,La Cabrera-Mirador de Peñas Llanas. Riaza
2023,9058,6,106.1,Smaakupert,Castro-Urdiales-Laredo
2023,9058,7,93.7,Fjell-MF,Pola de Siero-Lagos de Covadonga
2023,10433,1,123.9,Flatt,Kerlouan-Kerlouan
2023,10433,2,120.7,Flatt,Plemet-Saint Meen-Le-Grand
2023,10433,3,19.4,Tempo,Plouay-Plouay
2023,10433,4,136.6,Smaakupert,Mur de Bretagne-Kervignac
2023,10433,5,127.7,Smaakupert-MF,Plouharnel-Saint Jean Brévelay
2023,14244,1,122.2,Smaakupert,Etxebarria-Markina-Xemein
2023,14244,2,133.2,Smaakupert,Vitoria-Gasteiz-Amurrio
2023,14244,3,114.8,Smaakupert,Donostia-Donostia
2023,9427,1,109.2,Smaakupert,Fayetteville-Fayetteville
2023,9427,2,98.9,Smaakupert-MF,Fayetteville-Mount Sequoyah
2023,9427,3,4.8,Bakketempo,Devil's Den State Park-Devil's Den State Park
2023,9427,4,31,Flatt,Fayetteville-Fayetteville
2023,10428,1,115,Flatt,Quintanaortuno-Medina de pomar
2023,10428,2,119,Flatt,Sotresgudo-Lerma
2023,10428,3,112,Flatt,Caleruega-Aranda de Duero
2023,10428,4,121,Fjell-MF,Tordomar-Lagunas de Neila
2023,9810,1,9.1,Lagtempo,Schleiz-Schleiz | TTT
2023,9810,2,153.5,Smaakupert,Gera-Gera
2023,9810,3,94.6,Smaakupert,Schmölln-Schmölln
2023,9810,4,133.7,Smaakupert,Gotha-Gotha
2023,9810,5,132.6,Smaakupert,Schmalkalden-Schmalkalden
2023,9810,6,126.2,Smaakupert,Mühlhausen-Mühlhausen
2023,9912,1,12.6,Tempo,Krásná Lípa-Krásná Lípa
2023,9912,2,105.1,Flatt,Krásná Lípa-Krásná Lípa
2023,9912,3,110.7,Smaakupert,Rumburk-Rumburk
2023,9912,4,114.6,Smaakupert,Varnsdorf-Krásná Lípa
2023,9054,1,146.4,Flatt,Saffron Walden-Colchester
2023,9054,2,133.1,Smaakupert,Maldon-Maldon
2023,9054,3,91.2,Flatt,London-London
2023,16502,1,116.9,Smaakupert,Alcalá la Real-La Zubia
2023,16502,2,83.6,Smaakupert-MF,Salobreña-Cómpeta
2023,16502,3,101,Smaakupert-MF,Nerja-Álora
2023,16502,4,90.9,Flatt,Pizarra-Mijas
2023,16502,5,93.9,Smaakupert,Estepona-Castellar de la Frontera
2023,15071,1,-,<td></td>,-
2023,15071,2,-,<td></td>,-
2023,9913,0,1,Tempo,Ciudad de Guatemala-Ciudad de Guatemala
2023,9913,1,114.8,Flatt,Parque de Parramos-Parque de Parramos
2023,9913,2,121.2,Flatt,El Caman-El Caman
2023,9913,3,118,Smaakupert,Santa Lucía Utatlán-Santa Lucía Utatlán
2023,9913,4,60,Flatt,Ciudad de Guatemala-Ciudad de Guatemala
2023,16505,1,129.2,Smaakupert,Argelès Gazost-Lourdes
2023,16505,2,95.9,Fjell-MF,Pierrefitte Nestalas-Hautacam
2023,16505,3,126.1,Smaakupert,Coarraze-Arros de Nay
2023,14577,1,56,Flatt,Weinfelden-Weinfelden
2023,14577,2,25.7,Tempo,St. Gallen-Abtwil
2023,14577,3,124.1,Smaakupert,St. Gallen-Ebnat-Kappel
2023,14577,4,100.8,Smaakupert,Ebnat-Kappel-Ebnat-Kappel
2023,9064,1,4.4,Tempo,Chianciano-Chianciano
2023,9064,2,102.1,Smaakupert,Bagno a Ripoli-Marradi
2023,9064,3,116.2,Flatt,Formigine-Modena
2023,9064,4,134,Smaakupert,Fidenza-Borgo Val di Taro
2023,9064,5,103.3,Smaakupert,Salassa-Ceres
2023,9064,6,102.4,Smaakupert-MF,Canelli-Canelli
2023,9064,7,109.1,Smaakupert-MF,Albenga-Alassio
2023,9064,8,122.2,Smaakupert,Nuoro-Sassari
2023,9064,9,126.8,Smaakupert,Sassari-Olbia
2023,9904,0,2.6,Tempo,Vlissingen- Vlissingen
2023,9904,1,119.8,Flatt,Zwevegem-Zwevegem
2023,9904,2,116.2,Flatt,Zulte-Zulte
2023,9904,3,82.6,Flatt,Knokke-Heist-Knokke-Heist
2023,9904,4,17.1,Tempo,Knokke-Heist-Knokke-Heist
2023,9904,5,121.1,Flatt,Deinze-Deinze
2023,15687,1,123.8,Smaakupert,Clermont-Ferrand-Clermont-Ferrand
2023,15687,2,151.2,Smaakupert,Clermont-Ferrand-Mauriac
2023,15687,3,147.2,Flatt,Collonges-la-Rouge-Montignac-Lascaux
2023,15687,4,177.1,Smaakupert,Cahors-Rodez
2023,15687,5,126.1,Smaakupert,Onet-le-Château-Albi
2023,15687,6,122.1,Flatt,Albi-Blagnac
2023,15687,7,89.8,Fjell-MF,Lannemezan-Col du Tourmalet
2023,15687,8,22.6,Tempo,Pau-Pau
2023,10106,1,48.6,Flatt,Tunja-Tunja
2023,10106,2,132.3,Flatt,Tunja-Oiba
2023,10106,3,21.3,Tempo,San Gil-Barichara
2023,10106,4,102.6,Smaakupert,Curití-Bucaramanga
2023,10106,5,98,Smaakupert,Bucaramanga-Bucaramanga
2023,16504,1,111.5,Flatt,Golub-Dobrzyn-Golub-Dobrzyn
2023,16504,2,124,Flatt,Golub-Dobrzyn-Golub-Dobrzyn
2023,16504,3,14,Tempo,Golub-Dobrzyn-Golub-Dobrzyn
2023,15688,1,124.5,Smaakupert,Mysen-Halden
2023,15688,2,150.5,Fjell-MF,Vikersund-Norefjell
2023,15688,3,134.9,Smaakupert-MF,Kongsberg-Larvik
2023,15688,4,16.5,Tempo,Herning- Herning
2023,15688,5,143.9,Smaakupert,Middelfart- Haderslev
2023,9914,0,2.2,Tempo,Campi Bisenzio-Campi Bisenzio
2023,9914,1,99.4,Smaakupert-MF,Quarrata-Serravalle Pistoiese
2023,9914,2,116.8,Smaakupert,Segromigno in Piano-Segromigno in Piano
2023,9914,3,129.3,Smaakupert-MF,Lucca-Montecatini Alto
2023,18940,1,14.8,Tempo,Saint-Vallier-Saint-Vallier
2023,18940,2,91.8,Flatt,Charolles-Louhans Chateaurenaud
2023,18940,3,97.3,Smaakupert,Val d’Epy-Saint-Didier-sur-Chalaronne
2023,18940,4,79.8,Smaakupert,Challes-les-Eaux-Megève
2023,18940,5,98.3,Fjell-MF,Saint-Gervais Mont-Blanc-Sainte Foy Tarentaise
2023,9906,1,105.7,Smaakupert,Bourg-Saint-Andéol-Ruoms
2023,9906,2,92.7,Flatt,Nîmes-Nîmes
2023,9906,3,119.6,Flatt,Avignon-Avignon
2023,9906,4,101.6,Flatt,Saint-Rambert-d'Albon-Hauterives
2023,9906,5,100.3,Fjell-MF,Marvejols-Le Mont Lozère
2023,9906,6,125.9,Smaakupert,Saint-Félicien-Tain-l'Hermitage
2023,9906,7,69.2,Fjell,Beauchastel-Privas
2023,9066,0,2.4,Tempo,Ede-Ede
2023,9066,1,139.6,Flatt,Gennep-Gennep
2023,9066,2,7.1,Tempo,Leuven- Leuven
2023,9066,3,149,Flatt,Emmeloord-Lelystad
2023,9066,4,131.6,Smaakupert-MF,Valkenburg-Valkenburg
2023,9066,5,150.5,Smaakupert,Arnhem-Arnhem
2023,13609,1,2.8,Tempo,Sittard-Geleen-Sittard-Geleen
2023,13609,2,122.6,Flatt,Neerharen- Mopertingen
2023,13609,3,133.9,Smaakupert,Sittard-Geleen-Sittard-Geleen
2023,16500,1,144.1,Smaakupert,Yverdon-les-Bains-Yverdon-les-Bains
2023,16500,2,110.8,Fjell-MF,Romont-Torgon
2023,16500,3,131.9,Smaakupert,Vernier-Nyon
2023,13600,1,116.6,Smaakupert,Vresse-sur-Semois-Vresse-sur-Semois
2023,13600,2,119.9,Smaakupert,Bertrix-Bertrix