season,gender,category,first_cycling_race_id,race_name,race_nationality,uci_race_classification,stage_race_boolean,start_date,end_date,stage_number,distance,route,stage_profile_category_mapping_eng
2023,Men,Road,677,Giro del Sol San JuanGiro del Sol San Juan,AR,2.2,Stage Race,2023/01/06,2023/01/08,01,153,Plaza 25 de Mayo-Circuito San Juan Villicum,Flat
2023,Men,Road,456,NZ Cycle ClassicNZ Cycle Classic,NZ,2.2,Stage Race,2023/01/11,2023/01/15,01,123,Masterton-Masterton,Flat
2023,Men,Road,454,Vuelta al TáchiraVuelta al Táchira,VE,2.2,Stage Race,2023/01/15,2023/01/22,01,149.8,San Cristóbal-Tariba,Flat
2023,Men,Road,1,Tour Down UnderTour Down Under,AU,2.UWT,Stage Race,2023/01/17,2023/01/22,00,5.5,Adelaide-Adelaide,Flat ITT
2023,Men,Road,8467,Gravel and TarGravel and Tar,NZ,1.2,One Day,2023/01/21,2023/01/21,GC,,,Hilly
2023,Men,Road,411,Clàssica Comunitat Valenciana 1969 - GP ValenciaClàssica Comunitat Valenciana 1969 - GP Valencia,ES,1.1,One Day,2023/01/22,2023/01/22,GC,,,Flat
2023,Men,Road,5247,Vuelta a San JuanVuelta a San Juan,AR,2.Pro,Stage Race,2023/01/22,2023/01/29,01,143.9,San Juan-San Juan,Flat
2023,Men,Road,117,Tropicale Amissa BongoTropicale Amissa Bongo,GA,2.1,Stage Race,2023/01/23,2023/01/29,01,121.5,Bitam-Oyem,Hilly MTF
2023,Men,Road,271,Trofeo CalviaTrofeo Calvia,ES,1.1,One Day,2023/01/25,2023/01/25,GC,,,Hilly
2023,Men,Road,273,Trofeo Alcudia - Port d'AlcudiaTrofeo Alcudia - Port d'Alcudia,ES,1.1,One Day,2023/01/26,2023/01/26,GC,,,Flat
2023,Men,Road,460,Tour of SharjahTour of Sharjah,AE,2.2,Stage Race,2023/01/27,2023/01/31,01,8.9,Sharjah-Sharjah,Flat ITT
2023,Men,Road,274,Trofeo AndratxTrofeo Andratx,ES,1.1,One Day,2023/01/27,2023/01/27,GC,,,Hilly
2023,Men,Road,20014,Grand Prix AspendosGrand Prix Aspendos,TR,1.2,One Day,2023/01/28,2023/01/28,GC,,,Flat
2023,Men,Road,100,Trofeo Serra de TramuntanaTrofeo Serra de Tramuntana,ES,1.1,One Day,2023/01/28,2023/01/28,GC,,,Hilly
2023,Men,Road,1172,Cadel Road RaceCadel Road Race,AU,1.UWT,One Day,2023/01/29,2023/01/29,GC,,,Hilly
2023,Men,Road,83,Trofeo PalmaTrofeo Palma,ES,1.1,One Day,2023/01/29,2023/01/29,GC,,,Flat
2023,Men,Road,97,GP la MarseillaiseGP la Marseillaise,FR,1.1,One Day,2023/01/29,2023/01/29,GC,,,Hilly
2023,Men,Road,868,AlUla TourAlUla Tour,SA,2.1,Stage Race,2023/01/30,2023/02/03,01,180.5,Alula-Khaybar,Flat
2023,Men,Road,11406,Tour du SahelTour du Sahel,MR,2.2,Stage Race,2023/02/01,2023/02/05,01,110,Berjeimatt-Akjoujt,Unknown
2023,Men,Road,13738,Vuelta del Porvenir San LuisVuelta del Porvenir San Luis,AR,2.2,Stage Race,2023/02/01,2023/02/05,01,149.7,Tilisarao-Juana Koslay,Flat
2023,Men,Road,319,Volta Comunitat ValencianaVolta Comunitat Valenciana,ES,2.Pro,Stage Race,2023/02/01,2023/02/05,01,189.4,Orihuela-Altea,Hilly
2023,Men,Road,106,Étoile de BessègesÉtoile de Bessèges,FR,2.1,Stage Race,2023/02/01,2023/02/05,01,159.6,Bellegarde-Bellegarde,Flat
2023,Men,Road,20015,Grand Prix Apollon TempleGrand Prix Apollon Temple,TR,1.2,One Day,2023/02/04,2023/02/04,GC,,,Flat
2023,Men,Road,462,Africa TTTAfrica TTT,,CCTT,One Day,2023/02/08,2023/02/08,GC,,,TTT
2023,Men,Road,369,Africa ITTAfrica ITT,,CCTT,One Day,2023/02/09,2023/02/09,GC,,,Flat ITT
2023,Men,Road,20310,Africa ITT-U23Africa ITT-U23,,CCUT,One Day,2023/02/09,2023/02/09,GC,,,Flat ITT
2023,Men,Road,15151,Africa Mixed RelayAfrica Mixed Relay,,CCTT,One Day,2023/02/10,2023/02/10,GC,,,TTT
2023,Men,Road,18946,Muscat ClassicMuscat Classic,OM,1.1,One Day,2023/02/10,2023/02/10,GC,,,Hilly
2023,Men,Road,57,Tour of OmanTour of Oman,OM,2.Pro,Stage Race,2023/02/11,2023/02/15,01,147.4,Al Rustaq Fort-Muscat,Flat
2023,Men,Road,74,Vuelta a MurciaVuelta a Murcia,ES,1.1,One Day,2023/02/11,2023/02/11,GC,,,Hilly
2023,Men,Road,18947,Figueira Champions ClassicFigueira Champions Classic,PT,1.1,One Day,2023/02/12,2023/02/12,GC,,,Hilly
2023,Men,Road,129,Clasica de AlmeriaClasica de Almeria,ES,1.Pro,One Day,2023/02/12,2023/02/12,GC,,,Flat
2023,Men,Road,16519,Jaén Paraiso InteriorJaén Paraiso Interior,ES,1.1,One Day,2023/02/13,2023/02/13,GC,,,Hilly MTF
2023,Men,Road,110,Vuelta a AndalucíaVuelta a Andalucía,ES,2.Pro,Stage Race,2023/02/15,2023/02/19,01,179,Puente de Génave-Santiago de la Espada,Mountain
2023,Men,Road,107,Volta ao AlgarveVolta ao Algarve,PT,2.Pro,Stage Race,2023/02/15,2023/02/19,01,200.2,Portimão-Lagos,Hilly
2023,Men,Road,111,Tour Alpes Maritimes du VarTour Alpes Maritimes du Var,FR,2.1,Stage Race,2023/02/17,2023/02/19,01,187,Saint Raphaël-Ramatuelle,Flat
2023,Men,Road,450,Tour of RwandaTour of Rwanda,RW,2.1,Stage Race,2023/02/19,2023/02/26,01,115.6,Kigali-Rwamagana,Flat
2023,Men,Road,9800,UAE TourUAE Tour,AE,2.UWT,Stage Race,2023/02/20,2023/02/26,01,151,Al Dhafra-Al Mirfa,Flat
2023,Men,Road,16526,Gran CamiñoGran Camiño,ES,2.1,Stage Race,2023/02/23,2023/02/26,01,191.5,Muralla de Lugo-Sarria,Hilly
2023,Men,Road,53,Omloop Het NieuwsbladOmloop Het Nieuwsblad,BE,1.UWT,One Day,2023/02/25,2023/02/25,GC,,,Cobbles
2023,Men,Road,121,Faun-Ardèche ClassicFaun-Ardèche Classic,FR,1.Pro,One Day,2023/02/25,2023/02/25,GC,,,Hilly
2023,Men,Road,432,La Drome ClassicLa Drome Classic,FR,1.Pro,One Day,2023/02/26,2023/02/26,GC,,,Hilly
2023,Men,Road,84,Kuurne-Brussel-KuurneKuurne-Brussel-Kuurne,BE,1.Pro,One Day,2023/02/26,2023/02/26,GC,,,Cobbles
2023,Men,Road,116,Le SamynLe Samyn,BE,1.1,One Day,2023/02/28,2023/02/28,GC,,,Cobbles
2023,Men,Road,112,Trofeo LaiguegliaTrofeo Laigueglia,IT,1.Pro,One Day,2023/03/01,2023/03/01,GC,,,Hilly
2023,Men,Road,277,Umag TrophyUmag Trophy,HR,1.2,One Day,2023/03/01,2023/03/01,GC,,,Hilly
2023,Men,Road,20017,Alanya CupAlanya Cup,TR,1.2,One Day,2023/03/04,2023/03/04,GC,,,Flat
2023,Men,Road,539,GP CriquielionGP Criquielion,BE,1.1,One Day,2023/03/04,2023/03/04,GC,,,Hilly
2023,Men,Road,18953,Le Tour des 100 CommunesLe Tour des 100 Communes,FR,1.2,One Day,2023/03/04,2023/03/04,GC,,,Flat
2023,Men,Road,16525,South Aegean TourSouth Aegean Tour,GR,2.2,Stage Race,2023/03/04,2023/03/05,01,180,Rhodes-Koskinou,Hilly MTF
2023,Men,Road,283,Ster van ZwolleSter van Zwolle,NL,1.2,One Day,2023/03/04,2023/03/04,GC,,,Flat
2023,Men,Road,54,Strade BiancheStrade Bianche,IT,1.UWT,One Day,2023/03/04,2023/03/04,GC,,,Hilly MTF
2023,Men,Road,284,GP LillersGP Lillers,FR,1.2,One Day,2023/03/05,2023/03/05,GC,,,Flat
2023,Men,Road,278,Porec TrophyPorec Trophy,HR,1.2,One Day,2023/03/05,2023/03/05,GC,,,Flat
2023,Men,Road,2729,GP Jean-Pierre MonseréGP Jean-Pierre Monseré,BE,1.1,One Day,2023/03/05,2023/03/05,GC,,,Flat
2023,Men,Road,2,Paris-NiceParis-Nice,FR,2.UWT,Stage Race,2023/03/05,2023/03/12,01,169.4,La Verrière-La Verrière,Hilly
2023,Men,Road,3,Tirreno-AdriaticoTirreno-Adriatico,IT,2.UWT,Stage Race,2023/03/06,2023/03/12,01,11.5,Lido di Camaiore-Lido di Camaiore,Flat ITT
2023,Men,Road,465,Tour d'AlgérieTour d'Algérie,DZ,2.2,Stage Race,2023/03/07,2023/03/16,00,4.1,Bordj Bou Arréridj-Bordj Bou Arréridj,Flat ITT
2023,Men,Road,276,Istrian Spring TrophyIstrian Spring Trophy,HR,2.2,Stage Race,2023/03/09,2023/03/12,00,1.5,Vrsar-Vrsar,Flat ITT
2023,Men,Road,7005,Rhodes Grand PrixRhodes Grand Prix,GR,1.2,One Day,2023/03/11,2023/03/11,GC,,,Flat
2023,Men,Road,510,Dorpenomloop RucphenDorpenomloop Rucphen,NL,1.2,One Day,2023/03/12,2023/03/12,GC,,,Flat
2023,Men,Road,131,Ronde van DrentheRonde van Drenthe,NL,1.1,One Day,2023/03/12,2023/03/12,GC,,,Flat
2023,Men,Road,132,Tour de TaiwanTour de Taiwan,TW,2.1,Stage Race,2023/03/12,2023/03/16,01,83.2,Taipei-Taipei,Flat
2023,Men,Road,89,Milano - TorinoMilano - Torino,IT,1.Pro,One Day,2023/03/15,2023/03/15,GC,,,Hilly MTF
2023,Men,Road,122,Nokere KoerseNokere Koerse,BE,1.Pro,One Day,2023/03/15,2023/03/15,GC,,,Cobbles
2023,Men,Road,844,Tour of RhodesTour of Rhodes,GR,2.2,Stage Race,2023/03/16,2023/03/19,00,3.8,Ialysos-Ialysos,Flat ITT
2023,Men,Road,146,GP de DenainGP de Denain,FR,1.Pro,One Day,2023/03/16,2023/03/16,GC,,,Flat
2023,Men,Road,8772,GP de la Ville d'AlgerGP de la Ville d'Alger,DZ,1.2,One Day,2023/03/17,2023/03/17,GC,,,Flat
2023,Men,Road,10673,Youngster Coast ChallengeYoungster Coast Challenge,BE,1.2U,One Day,2023/03/17,2023/03/17,GC,,,Flat
2023,Men,Road,123,Bredene Koksijde ClassicBredene Koksijde Classic,BE,1.Pro,One Day,2023/03/17,2023/03/17,GC,,,Flat
2023,Men,Road,124,Classic Loire AtlantiqueClassic Loire Atlantique,FR,1.1,One Day,2023/03/18,2023/03/18,GC,,,Hilly
2023,Men,Road,4,Milano - SanremoMilano - Sanremo,IT,1.UWT,One Day,2023/03/18,2023/03/18,GC,,,Flat
2023,Men,Road,125,Cholet Agglo TourCholet Agglo Tour,FR,1.1,One Day,2023/03/19,2023/03/19,GC,,,Flat
2023,Men,Road,7004,Classica da ArrábidaClassica da Arrábida,PT,1.2,One Day,2023/03/19,2023/03/19,GC,,,Hilly
2023,Men,Road,508,GP Slovenian IstriaGP Slovenian Istria,SI,1.2,One Day,2023/03/19,2023/03/19,GC,,,Flat
2023,Men,Road,15066,Per Sempre AlfredoPer Sempre Alfredo,IT,1.1,One Day,2023/03/19,2023/03/19,GC,,,Flat
2023,Men,Road,1194,PopolarissimaPopolarissima,IT,1.2,One Day,2023/03/19,2023/03/19,GC,,,Flat
2023,Men,Road,14,Volta CatalunyaVolta Catalunya,ES,2.UWT,Stage Race,2023/03/20,2023/03/26,01,164.6,Saint Feliu de Guíxols-Saint Feliu de Guíxols,Hilly
2023,Men,Road,114,Coppi e BartaliCoppi e Bartali,IT,2.1,Stage Race,2023/03/21,2023/03/25,01,160.4,Riccione-Riccione,Hilly
2023,Men,Road,340,Olympia's TourOlympia's Tour,NL,2.2,Stage Race,2023/03/22,2023/03/26,01,9,Assen-Assen,Flat ITT
2023,Men,Road,288,Volta ao AlentejoVolta ao Alentejo,PT,2.2,Stage Race,2023/03/22,2023/03/26,01,168.8,Beja-Ourique,Flat
2023,Men,Road,40,Classic Brugge-De PanneClassic Brugge-De Panne,BE,1.UWT,One Day,2023/03/22,2023/03/22,GC,,,Flat
2023,Men,Road,16527,GP Vipava ValleyGP Vipava Valley,SI,1.2,One Day,2023/03/23,2023/03/23,GC,,,Hilly
2023,Men,Road,47,E3 Saxo ClassicE3 Saxo Classic,BE,1.UWT,One Day,2023/03/24,2023/03/24,GC,,,Cobbles
2023,Men,Road,937,GP Adria MobilGP Adria Mobil,SI,1.2,One Day,2023/03/26,2023/03/26,GC,,,Hilly
2023,Men,Road,3999,Gent - WevelgemGent - Wevelgem,BE,1.2U,One Day,2023/03/26,2023/03/26,GC,,,Cobbles
2023,Men,Road,7,Gent - WevelgemGent - Wevelgem,BE,1.UWT,One Day,2023/03/26,2023/03/26,GC,,,Cobbles
2023,Men,Road,263,GP Industria & Artigianato,IT,1.Pro,One Day,2023/03/26,2023/03/26,GC,,,Hilly
2023,Men,Road,260,La Roue TourangelleLa Roue Tourangelle,FR,1.1,One Day,2023/03/26,2023/03/26,GC,,,Hilly
2023,Men,Road,75,Dwars door VlaanderenDwars door Vlaanderen,BE,1.UWT,One Day,2023/03/29,2023/03/29,GC,,,Cobbles
2023,Men,Road,17278,Vuelta BantrabVuelta Bantrab,GT,2.2,Stage Race,2023/03/29,2023/04/02,01,140,Guatemala-Salamá,Hilly
2023,Men,Road,358,Oceania ITTOceania ITT,,CCTT,One Day,2023/03/30,2023/03/30,GC,,,Flat ITT
2023,Men,Road,360,Oceania ITT-U23Oceania ITT-U23,,CCUT,One Day,2023/03/30,2023/03/30,GC,,,Flat ITT
2023,Men,Road,134,Route Adélie de VitréRoute Adélie de Vitré,FR,1.1,One Day,2023/03/31,2023/03/31,GC,,,Hilly
2023,Men,Road,507,Tour of ThailandTour of Thailand,TH,2.1,Stage Race,2023/04/01,2023/04/06,01,119.4,Kanchanaburi-Kanchanaburi,Flat
2023,Men,Road,48,GP Miguel IndurainGP Miguel Indurain,ES,1.Pro,One Day,2023/04/01,2023/04/01,GC,,,Hilly
2023,Men,Road,126,Volta Limburg ClassicVolta Limburg Classic,NL,1.1,One Day,2023/04/01,2023/04/01,GC,,,Hilly
2023,Men,Road,297,Trofeo PIVATrofeo PIVA,IT,1.2U,One Day,2023/04/02,2023/04/02,GC,,,Hilly
2023,Men,Road,5,Ronde van VlaanderenRonde van Vlaanderen,BE,1.UWT,One Day,2023/04/02,2023/04/02,GC,,,Cobbles
2023,Men,Road,6,Itzulia Basque CountryItzulia Basque Country,ES,2.UWT,Stage Race,2023/04/03,2023/04/08,01,165.4,Vitoria-Gasteiz-Labastida,Flat
2023,Men,Road,217,Pays de la Loire TourPays de la Loire Tour,FR,2.1,Stage Race,2023/04/04,2023/04/07,01,162.1,St-Nazaire-St-Gilles-Croix-de-Vie,Flat
2023,Men,Road,56,ScheldeprijsScheldeprijs,BE,1.Pro,One Day,2023/04/05,2023/04/05,GC,,,Flat
2023,Men,Road,293,Circuit des ArdennesCircuit des Ardennes,FR,2.2,Stage Race,2023/04/06,2023/04/09,01,89.6,Nouvion-sur-Meuse-Sedan,Hilly
2023,Men,Road,8,Paris-RoubaixParis-Roubaix,FR,1.UWT,One Day,2023/04/09,2023/04/09,GC,,,Cobbles
2023,Men,Road,295,Giro del BelvedereGiro del Belvedere,IT,1.2U,One Day,2023/04/10,2023/04/10,GC,,,Hilly
2023,Men,Road,296,GP Palio del ReciotoGP Palio del Recioto,IT,1.2U,One Day,2023/04/11,2023/04/11,GC,,,Hilly
2023,Men,Road,145,Paris - CamembertParis - Camembert,FR,1.1,One Day,2023/04/11,2023/04/11,GC,,,Flat
2023,Men,Road,11248,Giro di SiciliaGiro di Sicilia,IT,2.1,Stage Race,2023/04/11,2023/04/14,01,159,Marsala-Agrigento,Hilly MTF
2023,Men,Road,294,Tour du Loir-et-CherTour du Loir-et-Cher,FR,2.2,Stage Race,2023/04/12,2023/04/16,01,146,Blois-Chailles,Flat
2023,Men,Road,77,Brabantse PijlBrabantse Pijl,BE,1.Pro,One Day,2023/04/12,2023/04/12,GC,,,Hilly
2023,Men,Road,1029,Central American Championship ITTCentral American Championship ITT,,1.2,One Day,2023/04/14,2023/04/14,GC,,,Flat ITT
2023,Men,Road,14584,Central American Championship ITT-U23Central American Championship ITT-U23,,1.2U,One Day,2023/04/14,2023/04/14,GC,,,Flat ITT
2023,Men,Road,15075,Classic Grand Besançon DoubsClassic Grand Besançon Doubs,FR,1.1,One Day,2023/04/14,2023/04/14,GC,,,Hilly
2023,Men,Road,428,Arno Wallaard Mem.Arno Wallaard Mem.,NL,1.2,One Day,2023/04/15,2023/04/15,GC,,,Flat
2023,Men,Road,1285,Tour du JuraTour du Jura,FR,1.1,One Day,2023/04/15,2023/04/15,GC,,,Hilly
2023,Men,Road,42,LBL EspoirsLBL Espoirs,BE,1.2U,One Day,2023/04/15,2023/04/15,GC,,,Hilly
2023,Men,Road,318,Tr. S. VendemianoTr. S. Vendemiano,IT,1.2U,One Day,2023/04/16,2023/04/16,GC,,,Hilly
2023,Men,Road,9,Amstel Gold RaceAmstel Gold Race,NL,1.UWT,One Day,2023/04/16,2023/04/16,GC,,,Hilly
2023,Men,Road,162,Tour du DoubsTour du Doubs,FR,1.1,One Day,2023/04/16,2023/04/16,GC,,,Hilly
2023,Men,Road,108,Giro Reggio CalabriaGiro Reggio Calabria,IT,1.1,One Day,2023/04/16,2023/04/16,GC,,,Hilly
2023,Men,Road,62,Tour of the AlpsTour of the Alps,IT,2.Pro,Stage Race,2023/04/17,2023/04/21,01,127.5,Rattenberg-Alpbach,Hilly MTF
2023,Men,Road,9018,Belgrade BanjalukaBelgrade Banjaluka,BA,2.2,Stage Race,2023/04/19,2023/04/22,01,147.9,Beograd-Bijeljina,Flat
2023,Men,Road,367,Pan-America ITTPan-America ITT,,CCTT,One Day,2023/04/19,2023/04/19,GC,,,Flat ITT
2023,Men,Road,368,Pan-America ITT-U23Pan-America ITT-U23,,CCUT,One Day,2023/04/19,2023/04/19,GC,,,Flat ITT
2023,Men,Road,10,La Flèche WallonneLa Flèche Wallonne,BE,1.UWT,One Day,2023/04/19,2023/04/19,GC,,,Hilly MTF
2023,Men,Road,11,Liege-Bastogne-LiegeLiege-Bastogne-Liege,BE,1.UWT,One Day,2023/04/23,2023/04/23,GC,,,Hilly
2023,Men,Road,521,Rutland - Melton ClassicRutland - Melton Classic,GB,1.2,One Day,2023/04/23,2023/04/23,GC,,,Hilly
2023,Men,Road,312,GP LiberazioneGP Liberazione,IT,1.2U,One Day,2023/04/25,2023/04/25,GC,,,Flat
2023,Men,Road,82,Tour de BretagneTour de Bretagne,FR,2.2,Stage Race,2023/04/25,2023/05/01,01,152.9,Plouescat-Saint-Pol-de-Léon,Flat
2023,Men,Road,12,Tour de RomandieTour de Romandie,CH,2.UWT,Stage Race,2023/04/25,2023/04/30,00,6.8,Port-Valais-Port-Valais,Flat ITT
2023,Men,Road,239,Tour of the GilaTour of the Gila,US,2.2,Stage Race,2023/04/26,2023/04/30,01,148.1,Silver City-Mogollon,Hilly MTF
2023,Men,Road,153,Vuelta a AsturiasVuelta a Asturias,ES,2.1,Stage Race,2023/04/28,2023/04/30,01,182,Oviedo-Pola de la Lena,Hilly
2023,Men,Road,314,Carpathian RaceCarpathian Race,PL,2.2U,Stage Race,2023/04/29,2023/05/03,01,4,Budapest-Budapest | TTT,TTT
2023,Men,Road,1047,GP VorarlbergGP Vorarlberg,AT,1.2,One Day,2023/04/30,2023/04/30,GC,,,Hilly
2023,Men,Road,535,Circuito del PortoCircuito del Porto,IT,1.2,One Day,2023/05/01,2023/05/01,GC,,,Flat
2023,Men,Road,252,Eschborn-FrankfurtEschborn-Frankfurt,DE,1.2U,One Day,2023/05/01,2023/05/01,GC,,,Hilly
2023,Men,Road,35,Eschborn-FrankfurtEschborn-Frankfurt,DE,1.UWT,One Day,2023/05/01,2023/05/01,GC,,,Hilly
2023,Men,Road,6156,Tour du BéninTour du Bénin,BJ,2.2,Stage Race,2023/05/02,2023/05/06,01,132.5,Parakou-Djougou,Flat
2023,Men,Road,513,Tour of HellasTour of Hellas,GR,2.1,Stage Race,2023/05/02,2023/05/06,00,6,Karteros-Karteros,Flat ITT
2023,Men,Road,3672,Vuelta a CatamarcaVuelta a Catamarca,AR,2.2,Stage Race,2023/05/04,2023/05/07,01,184.2,El Rodeo-El Rodeo,Mountain
2023,Men,Road,180,GP de Plumelec-MorbihanGP de Plumelec-Morbihan,FR,1.Pro,One Day,2023/05/06,2023/05/06,GC,,,Hilly MTF
2023,Men,Road,577,Ronde van OverijsselRonde van Overijssel,NL,1.2,One Day,2023/05/06,2023/05/06,GC,,,Flat
2023,Men,Road,73,Sundvolden GPSundvolden GP,NO,1.2,One Day,2023/05/06,2023/05/06,GC,,,Hilly MTF
2023,Men,Road,13,Giro d'ItaliaGiro d'Italia,IT,2.UWT,Stage Race,2023/05/06,2023/05/28,01,19.6,Fossacesia Marina-Ortona,Flat ITT
2023,Men,Road,554,Flèche ArdennaiseFlèche Ardennaise,BE,1.2,One Day,2023/05/07,2023/05/07,GC,,,Hilly
2023,Men,Road,49,Ringerike GPRingerike GP,NO,1.2,One Day,2023/05/07,2023/05/07,GC,,,Hilly
2023,Men,Road,148,Tro-Bro LeonTro-Bro Leon,FR,1.Pro,One Day,2023/05/07,2023/05/07,GC,,,Hilly
2023,Men,Road,41,Paris - Roubaix EspoirsParis - Roubaix Espoirs,FR,1.2U,One Day,2023/05/07,2023/05/07,GC,,,Cobbles
2023,Men,Road,20782,The Tour Oqtosh - Chorvoq - Mountain IThe Tour Oqtosh - Chorvoq - Mountain I,UZ,1.2,One Day,2023/05/10,2023/05/10,GC,,,Mountain ITT
2023,Men,Road,765,Tour de HongrieTour de Hongrie,HU,2.Pro,Stage Race,2023/05/10,2023/05/14,01,168,Szentgotthard-Szentgotthard,Flat
2023,Men,Road,17336,Vuelta a Formosa InternacionalVuelta a Formosa Internacional,AR,2.2,Stage Race,2023/05/11,2023/05/14,01,140.7,Ciudad de Formosa-Laguna Blanca,Flat
2023,Men,Road,72,GP HerningGP Herning,DK,1.2,One Day,2023/05/13,2023/05/13,GC,,,Hilly
2023,Men,Road,19320,Tour of Bostonliq ITour of Bostonliq I,UZ,1.2,One Day,2023/05/13,2023/05/13,GC,,,Flat ITT
2023,Men,Road,147,Tour du FinistèreTour du Finistère,FR,1.1,One Day,2023/05/13,2023/05/13,GC,,,Hilly MTF
2023,Men,Road,182,Boucles de l'AulneBoucles de l'Aulne,FR,1.1,One Day,2023/05/14,2023/05/14,GC,,,Hilly
2023,Men,Road,736,Fyen RundtFyen Rundt,DK,1.2,One Day,2023/05/14,2023/05/14,GC,,,Flat
2023,Men,Road,313,GP MarmoGP Marmo,IT,1.2U,One Day,2023/05/14,2023/05/14,GC,,,Hilly
2023,Men,Road,175,4 Jours de Dunkerque4 Jours de Dunkerque,FR,2.Pro,Stage Race,2023/05/16,2023/05/21,01,196.6,Dunkerque-Abbeville,Flat
2023,Men,Road,67,Flèche du SudFlèche du Sud,LU,2.2,Stage Race,2023/05/17,2023/05/21,00,3.2,Esch-sur-Alzette-Esch-sur-Alzette,Flat ITT
2023,Men,Road,16532,Tour of SakaryaTour of Sakarya,TR,2.2,Stage Race,2023/05/17,2023/05/20,01,4.1,Sakarya-Sakarya,Flat ITT
2023,Men,Road,537,Circuit de WallonieCircuit de Wallonie,BE,1.1,One Day,2023/05/18,2023/05/18,GC,,,Hilly
2023,Men,Road,919,Joe Martin Stage RaceJoe Martin Stage Race,US,2.2,Stage Race,2023/05/18,2023/05/21,01,146.2,Fayetteville-Fayetteville,Hilly
2023,Men,Road,50,Veenendaal ClassicVeenendaal Classic,NL,1.1,One Day,2023/05/20,2023/05/20,GC,,,Flat
2023,Men,Road,16530,GP GorenjskaGP Gorenjska,SI,1.2,One Day,2023/05/21,2023/05/21,GC,,,Hilly
2023,Men,Road,144,Rund um KölnRund um Köln,DE,1.1,One Day,2023/05/21,2023/05/21,GC,,,Flat
2023,Men,Road,341,Tour of JapanTour of Japan,JP,2.1,Stage Race,2023/05/21,2023/05/28,01,2.6,Sakai-Sakai,Flat ITT
2023,Men,Road,10204,Antwerp Port EpicAntwerp Port Epic,BE,1.1,One Day,2023/05/21,2023/05/21,GC,,,Cobbles
2023,Men,Road,7657,Tour of AlbaniaTour of Albania,AL,2.2,Stage Race,2023/05/22,2023/05/26,01,142.3,Tirana-Kerrabe,Hilly MTF
2023,Men,Road,315,Alpes Isère TourAlpes Isère Tour,FR,2.2,Stage Race,2023/05/24,2023/05/28,01,145.9,Charvieu-Chavagneux-Charvieu-Chavagneux,Flat
2023,Men,Road,10674,Orlen Nations Grand PrixOrlen Nations Grand Prix,PL,2.NC,Stage Race,2023/05/24,2023/05/28,01,130, Kapsosvár- Balatonföldvar,Flat
2023,Men,Road,343,Boucles de la MayenneBoucles de la Mayenne,FR,2.Pro,Stage Race,2023/05/25,2023/05/28,00,4.1,Espace Mayenne Laval-Espace Mayenne Laval,Flat ITT
2023,Men,Road,7767,Tour de la MirabelleTour de la Mirabelle,FR,2.2,Stage Race,2023/05/25,2023/05/28,01,160.2,Verdun-Pont-à-Mousson,Flat
2023,Men,Road,250,Tour of EstoniaTour of Estonia,EE,2.1,Stage Race,2023/05/26,2023/05/27,01,192.6,Tallinn-Tartu,Flat
2023,Men,Road,4008,GP Beiras e Serra da EstrelaGP Beiras e Serra da Estrela,PT,2.2,Stage Race,2023/05/26,2023/05/28,01,15.8,Seia-Gouveia | TTT,TTT
2023,Men,Road,71,Tour of NorwayTour of Norway,NO,2.Pro,Stage Race,2023/05/26,2023/05/29,00,7.4,Bergen-Mt. Fløyen,Mountain ITT
2023,Men,Road,734,2 Giorni Marchigiana - GP Santa Rita2 Giorni Marchigiana - GP Santa Rita,IT,1.2,One Day,2023/05/27,2023/05/27,GC,,,Hilly
2023,Men,Road,3838,Van Merksteijn Fences ClassicVan Merksteijn Fences Classic,BE,1.1,One Day,2023/05/27,2023/05/27,GC,,,Flat
2023,Men,Road,408,Trofeo CastelfidardoTrofeo Castelfidardo,IT,1.2,One Day,2023/05/28,2023/05/28,GC,,,Hilly
2023,Men,Road,285,Paris-TroyesParis-Troyes,FR,1.2,One Day,2023/05/29,2023/05/29,GC,,,Flat
2023,Men,Road,437,Ronde van LimburgRonde van Limburg,BE,1.1,One Day,2023/05/29,2023/05/29,GC,,,Hilly MTF
2023,Men,Road,13188,Mercan Tour Classic Alpes-MaritimesMercan Tour Classic Alpes-Maritimes,FR,1.1,One Day,2023/05/30,2023/05/30,GC,,,Mountain MTF
2023,Men,Road,552,Oberösterreich RundfahrtOberösterreich Rundfahrt,AT,2.2,Stage Race,2023/06/01,2023/06/04,00,0.7,Linz-Linz,Flat ITT
2023,Men,Road,386,Tour of MalopolskaTour of Malopolska,PL,2.2,Stage Race,2023/06/01,2023/06/04,00,1.4,Krakow-Krakow,Mountain ITT
2023,Men,Road,345,Ronde de l'OiseRonde de l'Oise,FR,2.2,Stage Race,2023/06/01,2023/06/04,01,145.9,Beauvais-Clermont,Flat
2023,Men,Road,149,Giro dell'AppenninoGiro dell'Appennino,IT,1.1,One Day,2023/06/02,2023/06/02,GC,,,Hilly
2023,Men,Road,546,Trofeo Alcide DegasperiTrofeo Alcide Degasperi,IT,1.2,One Day,2023/06/02,2023/06/02,GC,,,Flat
2023,Men,Road,349,Heistse PijlHeistse Pijl,BE,1.1,One Day,2023/06/03,2023/06/03,GC,,,Flat
2023,Men,Road,473,Tour du CamerounTour du Cameroun,CM,2.2,Stage Race,2023/06/03,2023/06/11,01,100.3,Figuil-Garoua,Flat
2023,Men,Road,502,Tour de KumanoTour de Kumano,JP,2.2,Stage Race,2023/06/03,2023/06/04,01,63.7,Kumano-Kumano,Hilly
2023,Men,Road,550,Coppa della PaceCoppa della Pace,IT,1.2U,One Day,2023/06/04,2023/06/04,GC,,,Hilly
2023,Men,Road,351,Memorial van ConingslooMemorial van Coningsloo,BE,1.2,One Day,2023/06/04,2023/06/04,GC,,,Cobbles
2023,Men,Road,64,Brussels ClassicBrussels Classic,BE,1.Pro,One Day,2023/06/04,2023/06/04,GC,,,Flat
2023,Men,Road,15,Critérium du DauphinéCritérium du Dauphiné,FR,2.UWT,Stage Race,2023/06/04,2023/06/11,01,158,Chambon-sur-Lac-Chambon-sur-Lac,Hilly
2023,Men,Road,5228,Tour de MauriceTour de Maurice,MU,2.2,Stage Race,2023/06/06,2023/06/09,01,128.5,Beau Plan-Cote d'Or,Hilly
2023,Men,Road,18950,Aziz ShushaAziz Shusha,AZ,2.2,Stage Race,2023/06/07,2023/06/11,01,149.9,Baku-Shamakhi,Hilly
2023,Men,Road,21139,Asia Mixed RelayAsia Mixed Relay,,CCTT,One Day,2023/06/07,2023/06/07,GC,,,TTT
2023,Men,Road,213,ZLM TourZLM Tour,NL,2.Pro,Stage Race,2023/06/07,2023/06/11,00,6.6,Heinkenszand-Heinkenszand,Flat ITT
2023,Men,Road,14005,Course de la PaixCourse de la Paix,CZ,2.NC,Stage Race,2023/06/08,2023/06/11,00,3.1,Jeseník-Jeseník,Flat ITT
2023,Men,Road,364,Asia ITT-U23Asia ITT-U23,,CCUT,One Day,2023/06/09,2023/06/09,GC,,,Flat ITT
2023,Men,Road,2119,Tour d'Eure-et-LoirTour d'Eure-et-Loir,FR,2.2,Stage Race,2023/06/09,2023/06/11,01,161.2,Châteaudun-Luisant,Flat
2023,Men,Road,199,GP Kanton AargauGP Kanton Aargau,CH,1.1,One Day,2023/06/09,2023/06/09,GC,,,Hilly
2023,Men,Road,361,Asia ITTAsia ITT,,CCTT,One Day,2023/06/10,2023/06/10,GC,,,Flat ITT
2023,Men,Road,20012,Kirikkale Road RaceKirikkale Road Race,TR,2.2,Stage Race,2023/06/10,2023/06/11,01,142,Kirikkale-Kirikkale,Unknown
2023,Men,Road,425,Dwars door het HagelandDwars door het Hageland,BE,1.Pro,One Day,2023/06/10,2023/06/10,GC,,,Cobbles
2023,Men,Road,226,Giro Next GenGiro Next Gen,IT,2.2U,Stage Race,2023/06/11,2023/06/18,01,9.4,Agliè-Agliè,Flat ITT
2023,Men,Road,8515,ElfstedenrondeElfstedenronde,BE,1.1,One Day,2023/06/11,2023/06/11,GC,,,Flat
2023,Men,Road,16,Tour de SuisseTour de Suisse,CH,2.UWT,Stage Race,2023/06/11,2023/06/18,01,12.7,Einsiedeln-Einsiedeln,Flat ITT
2023,Men,Road,10459,CIC - Mont VentouxCIC - Mont Ventoux,FR,1.Pro,One Day,2023/06/13,2023/06/13,GC,,,Mountain MTF
2023,Men,Road,235,Tour de BeauceTour de Beauce,CA,2.2,Stage Race,2023/06/14,2023/06/18,01,143,Saint-Georges-Notre-Dame-des-Pins,Hilly MTF
2023,Men,Road,211,Tour of SloveniaTour of Slovenia,SI,2.Pro,Stage Race,2023/06/14,2023/06/18,01,188.6,Celje-Rogaska Slatina,Flat
2023,Men,Road,60,Belgium TourBelgium Tour,BE,2.Pro,Stage Race,2023/06/14,2023/06/18,01,183.4,Scherpenheuvel-Zichem-Scherpenheuvel-Zichem,Flat
2023,Men,Road,212,Route d'OccitanieRoute d'Occitanie,FR,2.1,Stage Race,2023/06/15,2023/06/18,01,187.3,Narbonne-Gruissan,Flat
2023,Men,Road,14426,Tour du Pays de MontbéliardTour du Pays de Montbéliard,FR,2.2,Stage Race,2023/06/16,2023/06/18,00,3.2,Courcelles-Lès-Montbéliard-Courcelles-Lès-Montbéliard,Flat ITT
2023,Men,Road,86,Vuelta a ColombiaVuelta a Colombia,CO,2.2,Stage Race,2023/06/16,2023/06/25,00,7.8,Yopal-Yopal,Flat ITT
2023,Men,Road,257,Solidarnosc ChampionsSolidarnosc Champions,PL,2.2,Stage Race,2023/06/28,2023/07/01,01,83,Lodz-Skierniewice,Flat
2023,Men,Road,17,Tour de FranceTour de France,FR,2.UWT,Stage Race,2023/07/01,2023/07/23,01,182, Bilbao- Bilbao,Hilly
2023,Men,Road,559,Giro del Medio BrentaGiro del Medio Brenta,IT,1.2,One Day,2023/07/02,2023/07/02,GC,,,Hilly MTF
2023,Men,Road,2088,Midden BrabantMidden Brabant,NL,1.2,One Day,2023/07/02,2023/07/02,GC,,,Flat
2023,Men,Road,38,Österreich-RundfahrtÖsterreich-Rundfahrt,AT,2.1,Stage Race,2023/07/02,2023/07/06,01,147.6,Dornbirn-Dornbirn,Hilly
2023,Men,Road,662,Trofeo Citta di BresciaTrofeo Citta di Brescia,IT,1.2,One Day,2023/07/04,2023/07/04,GC,,,Flat
2023,Men,Road,1026,Cent.America and Caribbean ITTCent.America and Caribbean ITT,,RCTT,One Day,2023/07/05,2023/07/05,GC,,,Flat ITT
2023,Men,Road,258,Sibiu Cycling TourSibiu Cycling Tour,RO,2.1,Stage Race,2023/07/06,2023/07/09,01,199,Sibiu-Sibiu,Flat
2023,Men,Road,582,GP HungaryGP Hungary,HU,1.2,One Day,2023/07/08,2023/07/08,GC,,,Hilly
2023,Men,Road,11357,Grand Prix ErciyesGrand Prix Erciyes,TR,1.2,One Day,2023/07/08,2023/07/08,GC,,,Flat
2023,Men,Road,581,GP SlovakiaGP Slovakia,SK,1.2,One Day,2023/07/09,2023/07/09,GC,,,Hilly
2023,Men,Road,647,Pan Arab Games TTTPan Arab Games TTT,,RCTT,One Day,2023/07/09,2023/07/09,GC,,,TTT
2023,Men,Road,127,Tour of Qinghai LakeTour of Qinghai Lake,CN,2.Pro,Stage Race,2023/07/09,2023/07/16,01,109,Xining-Xining,Flat
2023,Men,Road,648,Pan Arab Games ITTPan Arab Games ITT,,RCTT,One Day,2023/07/11,2023/07/11,GC,,,Flat ITT
2023,Men,Road,229,Valle d'AostaValle d'Aosta,IT,2.2U,Stage Race,2023/07/12,2023/07/16,01,80.9,Arvier-Arvier,Flat
2023,Men,Road,398,GP Torres VedrasGP Torres Vedras,PT,2.2,Stage Race,2023/07/13,2023/07/16,00,8,Turcifal-Turcifal,Flat ITT
2023,Men,Road,703,GP de GemencGP de Gemenc,HU,2.2,Stage Race,2023/07/14,2023/07/16,00,2,Szekzárd-Szekzárd,Flat ITT
2023,Men,Road,20074,SD WORX BW ClassicSD WORX BW Classic,BE,1.2,One Day,2023/07/19,2023/07/19,GC,,,Hilly
2023,Men,Road,20780,Tour of HuangshanTour of Huangshan,CN,2.2,Stage Race,2023/07/21,2023/07/23,01,118.1,Shexian Ancient City-Huangshan District,Flat
2023,Men,Road,579,GP Polski Via OdraGP Polski Via Odra,PL,1.2,One Day,2023/07/22,2023/07/22,GC,,,Hilly
2023,Men,Road,193,Tour de WallonieTour de Wallonie,BE,2.Pro,Stage Race,2023/07/22,2023/07/26,01,189.6,Huy-Hamoir,Hilly
2023,Men,Road,18957,Cupa Max AusnitCupa Max Ausnit,RO,1.2,One Day,2023/07/23,2023/07/23,GC,,,Hilly
2023,Men,Road,580,GP Czech RepublicGP Czech Republic,CZ,1.2,One Day,2023/07/23,2023/07/23,GC,,,Hilly
2023,Men,Road,583,GP de PérenchiesGP de Pérenchies,FR,1.2,One Day,2023/07/23,2023/07/23,GC,,,Cobbles
2023,Men,Road,209,GP KranjGP Kranj,SI,1.2,One Day,2023/07/23,2023/07/23,GC,,,Hilly
2023,Men,Road,531,Mem. A.TrochanowskiegoMem. A.Trochanowskiego,PL,1.2,One Day,2023/07/25,2023/07/25,GC,,,Flat
2023,Men,Road,207,Villafranca de OrdiziaVillafranca de Ordizia,ES,1.1,One Day,2023/07/25,2023/07/25,GC,,,Hilly
2023,Men,Road,230,Tour AlsaceTour Alsace,FR,2.2,Stage Race,2023/07/26,2023/07/30,01,4.3,Sausheim-Sausheim | TTT,TTT
2023,Men,Road,563,Dookola MazowszaDookola Mazowsza,PL,2.2,Stage Race,2023/07/26,2023/07/29,01,168,Teresin-Teresin,Flat
2023,Men,Road,85,Vuelta a Castilla y LeónVuelta a Castilla y León,ES,2.1,Stage Race,2023/07/26,2023/07/27,01,168.9,Soria-Soria,Hilly
2023,Men,Road,15209,Czech TourCzech Tour,CZ,2.1,Stage Race,2023/07/27,2023/07/30,01,165,Prostejov-Unicov,Flat
2023,Men,Road,385,Kreiz Breizh ElitesKreiz Breizh Elites,FR,2.2,Stage Race,2023/07/28,2023/07/31,01,11.8,Bégard-Bégard,Flat ITT
2023,Men,Road,18,San Sebastian KlasikoaSan Sebastian Klasikoa,ES,1.UWT,One Day,2023/07/29,2023/07/29,GC,,,Hilly
2023,Men,Road,19,Tour de PologneTour de Pologne,PL,2.UWT,Stage Race,2023/07/29,2023/08/04,01,183.7,Poznan-Poznan,Flat
2023,Men,Road,202,Circuito de GetxoCircuito de Getxo,ES,1.1,One Day,2023/07/30,2023/07/30,GC,,,Hilly MTF
2023,Men,Road,4014,Puchar MonPuchar Mon,PL,1.2,One Day,2023/07/30,2023/07/30,GC,,,Flat
2023,Men,Road,63,Tour de l'AinTour de l'Ain,FR,2.1,Stage Race,2023/07/31,2023/08/02,01,154.5,Loyettes-La Plaine Tonique,Flat
2023,Men,Road,20021,100th Anniversary Tour of The Republic100th Anniversary Tour of The Republic,TR,2.2,Stage Race,2023/08/01,2023/08/05,01,208.8,Sivas-Amasya,Hilly
2023,Men,Road,586,Tour de la GuadeloupeTour de la Guadeloupe,FR,2.2,Stage Race,2023/08/04,2023/08/13,00,6,Capesterre-Belle-Eau-Capesterre-Belle-Eau,Flat ITT
2023,Men,Road,12533,World Championship Mixed RelayWorld Championship Mixed Relay,,WCTT,One Day,2023/08/08,2023/08/08,GC,,,TTT
2023,Men,Road,566,Tour of SzeklerlandTour of Szeklerland,RO,2.2,Stage Race,2023/08/09,2023/08/12,00,4.5,Sfantu Gheorghe-Sfantu Gheorghe,Flat ITT
2023,Men,Road,46,World Championship ITT-U23World Championship ITT-U23,,WCUT,One Day,2023/08/09,2023/08/09,GC,,,Flat ITT
2023,Men,Road,197,Volta a PortugalVolta a Portugal,PT,2.1,Stage Race,2023/08/09,2023/08/20,00,3.6,Viseu-Viseu,Flat ITT
2023,Men,Road,27,World Championship ITTWorld Championship ITT,,WCTT,One Day,2023/08/11,2023/08/11,GC,,,Flat ITT
2023,Men,Road,383,Mem.Henryka LasakaMem.Henryka Lasaka,PL,1.2,One Day,2023/08/12,2023/08/12,GC,,,Hilly
2023,Men,Road,389,GP PoggianaGP Poggiana,IT,1.2U,One Day,2023/08/13,2023/08/13,GC,,,Hilly
2023,Men,Road,18539,Memorial Jana MagieryMemorial Jana Magiery,PL,1.2,One Day,2023/08/13,2023/08/13,GC,,,Flat
2023,Men,Road,203,PolynormandePolynormande,FR,1.1,One Day,2023/08/13,2023/08/13,GC,,,Hilly MTF
2023,Men,Road,161,Tour of LeuvenTour of Leuven,BE,1.1,One Day,2023/08/15,2023/08/15,GC,,,Hilly
2023,Men,Road,192,Vuelta a BurgosVuelta a Burgos,ES,2.Pro,Stage Race,2023/08/15,2023/08/19,01,161,Villalba de Duero-Burgos,Flat
2023,Men,Road,191,Tour du LimousinTour du Limousin,FR,2.1,Stage Race,2023/08/15,2023/08/18,01,165.7,Rilhac-Rancon-Bénévent L'Abbaye,Hilly
2023,Men,Road,32,PostNord Tour of DenmarkPostNord Tour of Denmark,DK,2.Pro,Stage Race,2023/08/15,2023/08/19,01,169.8,Aalborg-Aalborg,Flat
2023,Men,Road,568,GP CapodarcoGP Capodarco,IT,1.2U,One Day,2023/08/16,2023/08/16,GC,,,Hilly MTF
2023,Men,Road,259,Arctic Race of NorwayArctic Race of Norway,NO,2.Pro,Stage Race,2023/08/17,2023/08/20,01,171,Kautokeino-Alta,Flat
2023,Men,Road,391,Baltic Chain TourBaltic Chain Tour,EE,2.2,Stage Race,2023/08/18,2023/08/20,01,198.7,Tartu-Valga,Flat
2023,Men,Road,186,Druivenkoers OverijseDruivenkoers Overijse,BE,1.1,One Day,2023/08/19,2023/08/19,GC,,,Hilly
2023,Men,Road,188,Egmont Cycling RaceEgmont Cycling Race,BE,1.1,One Day,2023/08/20,2023/08/20,GC,,,Hilly
2023,Men,Road,20,BEMER CyclassicsBEMER Cyclassics,DE,1.UWT,One Day,2023/08/20,2023/08/20,GC,,,Flat
2023,Men,Road,44,Tour de l'AvenirTour de l'Avenir,FR,2.NC,Stage Race,2023/08/20,2023/08/27,01,142.2,Carnac-La Gacilly,Flat
2023,Men,Road,187,Poitou-CharentesPoitou-Charentes,FR,2.1,Stage Race,2023/08/22,2023/08/25,01,195.2,Confolens-Matha,Flat
2023,Men,Road,36,Deutschland TourDeutschland Tour,DE,2.Pro,Stage Race,2023/08/23,2023/08/27,00,2.3,St.Wendel-St.Wendel,Flat ITT
2023,Men,Road,21,Renewi TourRenewi Tour,NL,2.UWT,Stage Race,2023/08/23,2023/08/27,01,182.9, Blankenberge- Ardooie,Flat
2023,Men,Road,20013,Tour of YigidoTour of Yigido,TR,2.2,Stage Race,2023/08/25,2023/08/27,01,7.1,Sivas-Sivas,Flat ITT
2023,Men,Road,955,Tour of BulgariaTour of Bulgaria,BG,2.2,Stage Race,2023/08/26,2023/08/31,00,1,Sofia-Sofia,Flat ITT
2023,Men,Road,18956,Tour of KandovanTour of Kandovan,IR,1.2,One Day,2023/08/26,2023/08/26,GC,,,Mountain MTF
2023,Men,Road,23,Vuelta a EspañaVuelta a España,ES,2.UWT,Stage Race,2023/08/26,2023/09/17,01,14.8,Barcelona-Barcelona | TTT,TTT
2023,Men,Road,8310,Ronde van de AchterhoekRonde van de Achterhoek,NL,1.2,One Day,2023/08/27,2023/08/27,GC,,,Flat
2023,Men,Road,434,Tour of IranTour of Iran,IR,2.1,Stage Race,2023/08/27,2023/08/31,01,153.8,Tabriz-Urmiae,Flat
2023,Men,Road,996,Muur Classic GeraardsbergenMuur Classic Geraardsbergen,BE,1.2,One Day,2023/08/30,2023/08/30,GC,,,Cobbles
2023,Men,Road,538,Giro della Regione FriuliGiro della Regione Friuli,IT,2.2,Stage Race,2023/08/31,2023/09/03,01,160.3,San Giorgio di Nogaro-San Giorgio di Nogaro,Flat
2023,Men,Road,15096,Flanders Tomorrow TourFlanders Tomorrow Tour,BE,2.2U,Stage Race,2023/08/31,2023/09/02,01,140.2,Nieuwpoort-Nieuwpoort,Flat
2023,Men,Road,10675,In the Steps of RomansIn the Steps of Romans,BG,2.2,Stage Race,2023/09/02,2023/09/03,01,126.5,Bansko-Razlog,Flat
2023,Men,Road,9204,Lillehammer GPLillehammer GP,NO,1.2,One Day,2023/09/02,2023/09/02,GC,,,Hilly MTF
2023,Men,Road,9205,Gylne GutuerGylne Gutuer,NO,1.2,One Day,2023/09/03,2023/09/03,GC,,,Flat
2023,Men,Road,22,Bretagne ClassicBretagne Classic,FR,1.UWT,One Day,2023/09/03,2023/09/03,GC,,,Hilly
2023,Men,Road,8328,GP Plouay Elite Open GP Plouay Elite Open ,FR,1.2,One Day,2023/09/03,2023/09/03,GC,,,Hilly
2023,Men,Road,45,Tour of BritainTour of Britain,GB,2.Pro,Stage Race,2023/09/03,2023/09/10,01,163.6,Altrincham-Manchester,Hilly
2023,Men,Road,13191,Maryland Cycling ClassicMaryland Cycling Classic,US,1.Pro,One Day,2023/09/03,2023/09/03,GC,,,Hilly
2023,Men,Road,401,Okolo Jiznich CechOkolo Jiznich Cech,CZ,2.2,Stage Race,2023/09/07,2023/09/10,01,140,Trebon-Milevsko,Flat
2023,Men,Road,9699,Tour of KosovoTour of Kosovo,XK,2.2,Stage Race,2023/09/07,2023/09/09,01,144.5,Lebanë-Therande,Hilly
2023,Men,Road,20020,Tour of VanTour of Van,TR,2.2,Stage Race,2023/09/07,2023/09/10,01,132.7,Van-Tatvan,Unknown
2023,Men,Road,21321,Grand Prix BoukraaGrand Prix Boukraa,MA,1.2,One Day,2023/09/08,2023/09/08,GC,,,Flat
2023,Men,Road,4048,Tour of Poyang LakeTour of Poyang Lake,CN,2.2,Stage Race,2023/09/08,2023/09/12,01,113.7,Shangrao-Shangrao,Hilly
2023,Men,Road,59,GP QuébecGP Québec,CA,1.UWT,One Day,2023/09/08,2023/09/08,GC,,,Hilly MTF
2023,Men,Road,20373,Grand Prix Es-SemaraGrand Prix Es-Semara,MA,1.2,One Day,2023/09/09,2023/09/09,GC,,,Flat
2023,Men,Road,166,GP de la SommeGP de la Somme,FR,1.2,One Day,2023/09/10,2023/09/10,GC,,,Hilly
2023,Men,Road,21614,Grand Prix El MarsaGrand Prix El Marsa,MA,1.2,One Day,2023/09/10,2023/09/10,GC,,,Flat
2023,Men,Road,16578,Tour of SalalahTour of Salalah,OM,2.2,Stage Race,2023/09/10,2023/09/13,01,123,Khor Rori-Ayn Ishat,Hilly MTF
2023,Men,Road,92,GP de FourmiesGP de Fourmies,FR,1.Pro,One Day,2023/09/10,2023/09/10,GC,,,Flat
2023,Men,Road,58,GP MontrealGP Montreal,CA,1.UWT,One Day,2023/09/10,2023/09/10,GC,,,Hilly
2023,Men,Road,4025,Giro della ToscanaGiro della Toscana,IT,1.1,One Day,2023/09/13,2023/09/13,GC,,,Hilly
2023,Men,Road,380,Okolo SlovenskaOkolo Slovenska,SK,2.1,Stage Race,2023/09/13,2023/09/17,01,172.7,Kosice-Kosice,Flat
2023,Men,Road,93,GP de WallonieGP de Wallonie,BE,1.Pro,One Day,2023/09/13,2023/09/13,GC,,,Hilly MTF
2023,Men,Road,160,Coppa SabatiniCoppa Sabatini,IT,1.Pro,One Day,2023/09/14,2023/09/14,GC,,,Hilly
2023,Men,Road,242,Tour of Taihu LakeTour of Taihu Lake,CN,2.Pro,Stage Race,2023/09/14,2023/09/17,01,88.8,Wuxi-Wuxi,Flat
2023,Men,Road,167,Kamp. van VlaanderenKamp. van Vlaanderen,BE,1.1,One Day,2023/09/15,2023/09/15,GC,,,Flat
2023,Men,Road,68,Memorial PantaniMemorial Pantani,IT,1.1,One Day,2023/09/16,2023/09/16,GC,,,Hilly
2023,Men,Road,168,SUPER 8 ClassicSUPER 8 Classic,BE,1.Pro,One Day,2023/09/16,2023/09/16,GC,,,Hilly
2023,Men,Road,444,Gooikse PijlGooikse Pijl,BE,1.1,One Day,2023/09/17,2023/09/17,GC,,,Flat
2023,Men,Road,9979,GP Rik Van LooyGP Rik Van Looy,BE,1.2,One Day,2023/09/17,2023/09/17,GC,,,Flat
2023,Men,Road,205,Trofeo MatteottiTrofeo Matteotti,IT,1.1,One Day,2023/09/17,2023/09/17,GC,,,Hilly
2023,Men,Road,171,GP d'IsberguesGP d'Isbergues,FR,1.1,One Day,2023/09/17,2023/09/17,GC,,,Flat
2023,Men,Road,170,Omloop van het HoutlandOmloop van het Houtland,BE,1.1,One Day,2023/09/20,2023/09/20,GC,,,Flat
2023,Men,Road,347,Europe ITT-U23Europe ITT-U23,,CCUT,One Day,2023/09/20,2023/09/20,GC,,,Flat ITT
2023,Men,Road,37,Tour de LuxembourgTour de Luxembourg,LU,2.Pro,Stage Race,2023/09/20,2023/09/24,01,156.4,Luxembourg-Luxembourg,Hilly
2023,Men,Road,4020,Europe ITTEurope ITT,,CCTT,One Day,2023/09/20,2023/09/20,GC,,,Flat ITT
2023,Men,Road,12532,Europe Mixed RelayEurope Mixed Relay,,CCTT,One Day,2023/09/21,2023/09/21,GC,,,TTT
2023,Men,Road,16539,Tour of BinzhouTour of Binzhou,CN,2.2,Stage Race,2023/09/23,2023/09/24,01,113.1,Binzhou-Binzhou,Flat
2023,Men,Road,128,Tour de LangkawiTour de Langkawi,MY,2.Pro,Stage Race,2023/09/23,2023/09/30,01,187.4,Kerteh-Kuala Terangganu,Flat
2023,Men,Road,949,Paris-ChaunyParis-Chauny,FR,1.1,One Day,2023/09/24,2023/09/24,GC,,,Flat
2023,Men,Road,672,Vuelta a EcuadorVuelta a Ecuador,EC,2.2,Stage Race,2023/09/25,2023/09/30,01,133.1,Riobamba-Riobamba,Flat
2023,Men,Road,409,Ruota d'OroRuota d'Oro,IT,1.2U,One Day,2023/09/26,2023/09/26,GC,,,Hilly
2023,Men,Road,773,CRO RaceCRO Race,HR,2.1,Stage Race,2023/09/26,2023/10/01,01,181,Primosten-Sinj,Flat
2023,Men,Road,231,Circuit Franco-BelgeCircuit Franco-Belge,BE,1.Pro,One Day,2023/09/28,2023/09/28,GC,,,Hilly
2023,Men,Road,262,Coppa AgostoniCoppa Agostoni,IT,1.1,One Day,2023/09/28,2023/09/28,GC,,,Hilly
2023,Men,Road,20781,Tour of IstanbulTour of Istanbul,TR,2.2,Stage Race,2023/09/28,2023/10/01,01,176.7,Arnavutköy-Arnavutköy,Flat
2023,Men,Road,29,Giro dell'EmiliaGiro dell'Emilia,IT,1.Pro,One Day,2023/09/30,2023/09/30,GC,,,Hilly MTF
2023,Men,Road,142,Grand Prix CeramiGrand Prix Cerami,BE,1.2,One Day,2023/09/30,2023/09/30,GC,,,Flat
2023,Men,Road,7660,Famenne Ardenne ClassicFamenne Ardenne Classic,BE,1.1,One Day,2023/10/01,2023/10/01,GC,,,Hilly
2023,Men,Road,390,Il Lombardia Under 23Il Lombardia Under 23,IT,1.2U,One Day,2023/10/01,2023/10/01,GC,,,Hilly
2023,Men,Road,8523,Oita Urban ClassicOita Urban Classic,JP,1.2,One Day,2023/10/01,2023/10/01,GC,,,Hilly
2023,Men,Road,94,Tour de VendéeTour de Vendée,FR,1.1,One Day,2023/10/01,2023/10/01,GC,,,Flat
2023,Men,Road,196,Coppa BernocchiCoppa Bernocchi,IT,1.Pro,One Day,2023/10/02,2023/10/02,GC,,,Hilly
2023,Men,Road,673,Asian Games ITTAsian Games ITT,,CCTT,One Day,2023/10/03,2023/10/03,GC,,,Flat ITT
2023,Men,Road,445,GP Chantal BiyaGP Chantal Biya,CM,2.2,Stage Race,2023/10/03,2023/10/07,01,109,Kribi-Kribi,Flat
2023,Men,Road,20978,Grand Tour de Ciclismo de SCGrand Tour de Ciclismo de SC,BR,1.2,One Day,2023/10/03,2023/10/03,GC,,,Flat
2023,Men,Road,158,Munsterland GiroMunsterland Giro,DE,1.Pro,One Day,2023/10/03,2023/10/03,GC,,,Flat
2023,Men,Road,190,Tre Valli VaresineTre Valli Varesine,IT,1.Pro,One Day,2023/10/03,2023/10/03,GC,,,Hilly
2023,Men,Road,159,Binche-Chimay-BincheBinche-Chimay-Binche,BE,1.1,One Day,2023/10/03,2023/10/03,GC,,,Flat
2023,Men,Road,20979,GP Urubici de CiclismoGP Urubici de Ciclismo,BR,1.2,One Day,2023/10/04,2023/10/04,GC,,,Hilly MTF
2023,Men,Road,16523,Visit Friesland ElfstedenraceVisit Friesland Elfstedenrace,NL,1.1,One Day,2023/10/04,2023/10/04,GC,,,Flat
2023,Men,Road,20980,GP de Santa CatarinaGP de Santa Catarina,BR,1.2,One Day,2023/10/05,2023/10/05,GC,,,Flat
2023,Men,Road,61,Gran PiemonteGran Piemonte,IT,1.Pro,One Day,2023/10/05,2023/10/05,GC,,,Hilly
2023,Men,Road,139,Tour of HainanTour of Hainan,CN,2.Pro,Stage Race,2023/10/05,2023/10/09,01,92.7,Qionghai-Qionghai,Flat
2023,Men,Road,157,Paris - BourgesParis - Bourges,FR,1.1,One Day,2023/10/05,2023/10/05,GC,,,Flat
2023,Men,Road,18945,Tour de KyushuTour de Kyushu,JP,2.1,Stage Race,2023/10/07,2023/10/09,01,145,Kitakyushu-Omuta,Hilly
2023,Men,Road,24,Il LombardiaIl Lombardia,IT,1.UWT,One Day,2023/10/07,2023/10/07,GC,,,Hilly
2023,Men,Road,238,Paris - ToursParis - Tours,FR,1.2U,One Day,2023/10/08,2023/10/08,GC,,,Flat
2023,Men,Road,152,Tour of TürkiyeTour of Türkiye,TR,2.1,Stage Race,2023/10/08,2023/10/15,01,135,Alanya-Antalya,Flat
2023,Men,Road,28,Paris - ToursParis - Tours,FR,1.Pro,One Day,2023/10/08,2023/10/08,GC,,,Flat
2023,Men,Road,183,Giro del VenetoGiro del Veneto,IT,1.Pro,One Day,2023/10/11,2023/10/11,GC,,,Hilly
2023,Men,Road,7591,Gree - Tour of GuangxiGree - Tour of Guangxi,CN,2.UWT,Stage Race,2023/10/12,2023/10/17,01,135.6,Beihai-Beihai,Flat
2023,Men,Road,10514,Campeonato del Caribe ITTCampeonato del Caribe ITT,,1.2,One Day,2023/10/14,2023/10/14,GC,,,Flat ITT
2023,Men,Road,18951,Trans-Himalaya Cycling RaceTrans-Himalaya Cycling Race,CN,2.2,Stage Race,2023/10/14,2023/10/17,01,129.8,Nyingchi City-Gongbujiangda County,Flat
2023,Men,Road,15208,Veneto ClassicVeneto Classic,IT,1.Pro,One Day,2023/10/15,2023/10/15,GC,,,Hilly
2023,Men,Road,95,Japan CupJapan Cup,JP,1.Pro,One Day,2023/10/15,2023/10/15,GC,,,Hilly
2023,Men,Road,463,Chrono des NationsChrono des Nations,FR,1.2U,One Day,2023/10/15,2023/10/15,GC,,,Flat ITT
2023,Men,Road,154,Chrono des NationsChrono des Nations,FR,1.1,One Day,2023/10/15,2023/10/15,GC,,,Flat ITT
2023,Men,Road,8499,Hong Kong CyclothonHong Kong Cyclothon,HK,1.1,One Day,2023/10/22,2023/10/22,GC,,,Flat
2023,Men,Road,763,Pan-American Games ITTPan-American Games ITT,,CCTT,One Day,2023/10/22,2023/10/22,GC,,,Flat ITT
2023,Men,Road,446,Tour du FasoTour du Faso,BF,2.2,Stage Race,2023/10/27,2023/11/05,01,125,Ouagadougou-Pô,Unknown
2023,Men,Road,8479,Akiyoshidai Karst Road RaceAkiyoshidai Karst Road Race,JP,1.2,One Day,2023/11/05,2023/11/05,GC,,,Hilly
2023,Men,Road,457,Tour de OkinawaTour de Okinawa,JP,1.2,One Day,2023/11/12,2023/11/12,GC,,,Hilly
2023,Men,Road,595,Vuelta a GuatemalaVuelta a Guatemala,GT,2.2,Stage Race,2023/11/17,2023/11/26,01,115.2,San Benito-San Benito,Flat
2023,Men,Road,453,Vuelta a Costa RicaVuelta a Costa Rica,CR,2.2,Stage Race,2023/12/16,2023/12/25,01,151.5,Heredia-Cañas,Flat
2023,Men,Road,22881,Arab Road Cycling Championships TTTArab Road Cycling Championships TTT,,RCTT,One Day,2023/12/18,2023/12/18,GC,,,TTT
2023,Men,Road,22894,Arab Road Cycling Championships ITTArab Road Cycling Championships ITT,,RCTT,One Day,2023/12/20,2023/12/20,GC,,,Flat ITT
2023,Women,Road,9080,Tour Down UnderTour Down Under,AU,2.WWT,Stage Race,2023/01/15,2023/01/17,01,110.4,Glenelg-Aldinga,Flat
2023,Women,Road,9133,Cadel Road RaceCadel Road Race,AU,1.WWT,One Day,2023/01/28,2023/01/28,GC,,,Hilly
2023,Women,Road,17199,Women Cycling Pro Costa De AlmeríaWomen Cycling Pro Costa De Almería,ES,1.1,One Day,2023/01/29,2023/01/29,GC,,,Flat
2023,Women,Road,11333,Aphrodite ITTAphrodite ITT,CY,1.2,One Day,2023/02/04,2023/02/04,GC,,,Flat ITT
2023,Women,Road,10439,Vuelta CV FeminasVuelta CV Feminas,ES,1.1,One Day,2023/02/05,2023/02/05,GC,,,Flat
2023,Women,Road,20007,Aphrodite - Women for futureAphrodite - Women for future,CY,1.2,One Day,2023/02/08,2023/02/08,GC,,,Hilly MTF
2023,Women,Road,9338,Africa TTTAfrica TTT,,CCTT,One Day,2023/02/08,2023/02/08,GC,,,TTT
2023,Women,Road,9337,Africa ITTAfrica ITT,,CCTT,One Day,2023/02/09,2023/02/09,GC,,,Flat ITT
2023,Women,Road,20309,Africa ITT-U23Africa ITT-U23,,CCUT,One Day,2023/02/09,2023/02/09,GC,,,Flat ITT
2023,Women,Road,18130,UAE TourUAE Tour,AE,2.WWT,Stage Race,2023/02/09,2023/02/12,01,109,Port Rashid-Dubai Harbour,Flat
2023,Women,Road,18935,Clasica de AlmeriaClasica de Almeria,ES,1.1,One Day,2023/02/11,2023/02/11,GC,,,Flat
2023,Women,Road,9189,Setmana Ciclista ValencianaSetmana Ciclista Valenciana,ES,2.Pro,Stage Race,2023/02/16,2023/02/19,01,119,Valencia-Sagunt,Flat
2023,Women,Road,9181,Omloop Het NieuwsbladOmloop Het Nieuwsblad,BE,1.WWT,One Day,2023/02/25,2023/02/25,GC,,,Cobbles
2023,Women,Road,9201,Omloop van het HagelandOmloop van het Hageland,BE,1.1,One Day,2023/02/26,2023/02/26,GC,,,Cobbles
2023,Women,Road,9206,Le Samyn des DamesLe Samyn des Dames,BE,1.1,One Day,2023/02/28,2023/02/28,GC,,,Cobbles
2023,Women,Road,18936,Umag Trophy LadiesUmag Trophy Ladies,HR,1.2,One Day,2023/03/01,2023/03/01,GC,,,Flat
2023,Women,Road,9044,Strade BiancheStrade Bianche,IT,1.WWT,One Day,2023/03/04,2023/03/04,GC,,,Hilly MTF
2023,Women,Road,18937,Porec Trophy LadiesPorec Trophy Ladies,HR,1.2,One Day,2023/03/05,2023/03/05,GC,,,Flat
2023,Women,Road,17126,Trofeo Oro in EuroTrofeo Oro in Euro,IT,1.1,One Day,2023/03/05,2023/03/05,GC,,,Flat
2023,Women,Road,17279,Trofeo Ponente in RosaTrofeo Ponente in Rosa,IT,2.2,Stage Race,2023/03/07,2023/03/11,01,53.5,Ceriale-Ceriale,Flat
2023,Women,Road,19315,Vuelta Extremadura FéminasVuelta Extremadura Féminas,ES,2.2,Stage Race,2023/03/10,2023/03/12,01,6.4,Mérida-Mérida | TTT,TTT
2023,Women,Road,9045,Ronde van DrentheRonde van Drenthe,NL,1.WWT,One Day,2023/03/11,2023/03/11,GC,,,Cobbles
2023,Women,Road,10430,Nokere KoerseNokere Koerse,BE,1.Pro,One Day,2023/03/15,2023/03/15,GC,,,Cobbles
2023,Women,Road,18932,Tour de Normandie FémininTour de Normandie Féminin,FR,2.1,Stage Race,2023/03/17,2023/03/19,01,136.4,Argentan-Bagnoles-de-l'orne,Flat
2023,Women,Road,9046,Trofeo Alfredo BindaTrofeo Alfredo Binda,IT,1.WWT,One Day,2023/03/19,2023/03/19,GC,,,Hilly
2023,Women,Road,9047,Classic Brugge-De PanneClassic Brugge-De Panne,BE,1.WWT,One Day,2023/03/23,2023/03/23,GC,,,Flat
2023,Women,Road,9048,Gent - WevelgemGent - Wevelgem,BE,1.WWT,One Day,2023/03/26,2023/03/26,GC,,,Cobbles
2023,Women,Road,9309,Dwars door VlaanderenDwars door Vlaanderen,BE,1.Pro,One Day,2023/03/29,2023/03/29,GC,,,Cobbles
2023,Women,Road,9349,Oceania ITTOceania ITT,,CCTT,One Day,2023/03/30,2023/03/30,GC,,,Flat ITT
2023,Women,Road,9350,Oceania ITT-U23Oceania ITT-U23,,CCUT,One Day,2023/03/30,2023/03/30,GC,,,Flat ITT
2023,Women,Road,9049,Ronde van VlaanderenRonde van Vlaanderen,BE,1.WWT,One Day,2023/04/02,2023/04/02,GC,,,Cobbles
2023,Women,Road,14856,Scheldeprijs Vrouwen EliteScheldeprijs Vrouwen Elite,BE,1.1,One Day,2023/04/05,2023/04/05,GC,,,Flat
2023,Women,Road,13853,Paris-Roubaix FemmesParis-Roubaix Femmes,FR,1.WWT,One Day,2023/04/08,2023/04/08,GC,,,Cobbles
2023,Women,Road,13593,Ronde de MouscronRonde de Mouscron,BE,1.1,One Day,2023/04/10,2023/04/10,GC,,,Flat
2023,Women,Road,9400,Brabantse PijlBrabantse Pijl,BE,1.Pro,One Day,2023/04/12,2023/04/12,GC,,,Hilly
2023,Women,Road,11501,Central American Championship ITTCentral American Championship ITT,,1.2,One Day,2023/04/14,2023/04/14,GC,,,Flat ITT
2023,Women,Road,9050,Amstel Gold RaceAmstel Gold Race,NL,1.WWT,One Day,2023/04/16,2023/04/16,GC,,,Hilly
2023,Women,Road,14581,GP Féminin de ChambéryGP Féminin de Chambéry,FR,1.1,One Day,2023/04/16,2023/04/16,GC,,,Hilly
2023,Women,Road,9615,Pan-America ITTPan-America ITT,,CCTT,One Day,2023/04/18,2023/04/18,GC,,,Flat ITT
2023,Women,Road,9051,La Flèche WallonneLa Flèche Wallonne,BE,1.WWT,One Day,2023/04/19,2023/04/19,GC,,,Hilly MTF
2023,Women,Road,9441,Omloop van BorseleOmloop van Borsele,NL,1.1,One Day,2023/04/22,2023/04/22,GC,,,Flat
2023,Women,Road,9052,Liege-Bastogne-Liege FemmesLiege-Bastogne-Liege Femmes,BE,1.WWT,One Day,2023/04/23,2023/04/23,GC,,,Hilly MTF
2023,Women,Road,9458,GP della Liberazione PINKGP della Liberazione PINK,IT,1.2,One Day,2023/04/25,2023/04/25,GC,,,Flat
2023,Women,Road,9548,Tour of the GilaTour of the Gila,US,2.2,Stage Race,2023/04/26,2023/04/30,01,114.3,Silver City-Mogollon Climb,Mountain MTF
2023,Women,Road,9549,Gracia OrlováGracia Orlová,CZ,2.2,Stage Race,2023/04/27,2023/04/30,01,104,Orlová-Štramberk,Hilly MTF
2023,Women,Road,16506,Leiedal KoerseLeiedal Koerse,BE,1.2,One Day,2023/04/29,2023/04/29,GC,,,Cobbles
2023,Women,Road,9460,Festival Elsy JacobsFestival Elsy Jacobs,LU,2.Pro,Stage Race,2023/04/29,2023/04/30,01,111.1,Luxembourg-Steinfort,Hilly
2023,Women,Road,9058,Vuelta España FemeninaVuelta España Femenina,ES,2.WWT,Stage Race,2023/05/01,2023/05/07,01,14.5,Torrevieja-Torrevieja | TTT,TTT
2023,Women,Road,9731,La Classique MorbihanLa Classique Morbihan,FR,1.1,One Day,2023/05/05,2023/05/05,GC,,,Hilly MTF
2023,Women,Road,14582,GP Eco-StructGP Eco-Struct,BE,1.1,One Day,2023/05/06,2023/05/06,GC,,,Flat
2023,Women,Road,9732,GP de Plumelec-MorbihanGP de Plumelec-Morbihan,FR,1.1,One Day,2023/05/06,2023/05/06,GC,,,Hilly MTF
2023,Women,Road,9613,Trofee Maarten WynantsTrofee Maarten Wynants,BE,1.1,One Day,2023/05/07,2023/05/07,GC,,,Flat
2023,Women,Road,10433,Bretagne Ladies TourBretagne Ladies Tour,FR,2.1,Stage Race,2023/05/09,2023/05/13,01,123.9,Kerlouan-Kerlouan,Flat
2023,Women,Road,12195,Navarra Elite ClassicsNavarra Elite Classics,ES,1.Pro,One Day,2023/05/10,2023/05/10,GC,,,Hilly
2023,Women,Road,14244,Itzulia WomenItzulia Women,ES,2.WWT,Stage Race,2023/05/12,2023/05/14,01,122.2,Etxebarria-Markina-Xemein,Hilly
2023,Women,Road,9600,Durango-DurangoDurango-Durango,ES,1.1,One Day,2023/05/16,2023/05/16,GC,,,Hilly
2023,Women,Road,9427,Joe Martin Stage RaceJoe Martin Stage Race,US,2.2,Stage Race,2023/05/18,2023/05/21,01,109.2,Fayetteville-Fayetteville,Hilly
2023,Women,Road,10428,Vuelta a Burgos FeminasVuelta a Burgos Feminas,ES,2.WWT,Stage Race,2023/05/18,2023/05/21,01,115,Quintanaortuno-Medina de pomar,Flat
2023,Women,Road,9907,Veenendaal-VeenendaalVeenendaal-Veenendaal,NL,1.1,One Day,2023/05/19,2023/05/19,GC,,,Flat
2023,Women,Road,16507,ZLM Omloop der Kempen LadiesZLM Omloop der Kempen Ladies,NL,1.2,One Day,2023/05/20,2023/05/20,GC,,,Flat
2023,Women,Road,18930,Antwerp Port Epic LadiesAntwerp Port Epic Ladies,BE,1.1,One Day,2023/05/21,2023/05/21,GC,,,Cobbles
2023,Women,Road,9810,Thüringen Ladies TourThüringen Ladies Tour,DE,2.Pro,Stage Race,2023/05/23,2023/05/28,01,9.1,Schleiz-Schleiz | TTT,TTT
2023,Women,Road,9912,Tour de FemininTour de Feminin,CZ,2.2,Stage Race,2023/05/25,2023/05/28,01,12.6,Krásná Lípa-Krásná Lípa,Flat ITT
2023,Women,Road,9054,RideLondon ClassiqueRideLondon Classique,GB,2.WWT,Stage Race,2023/05/26,2023/05/28,01,146.4,Saffron Walden-Colchester,Flat
2023,Women,Road,16508,Ladies Tour of EstoniaLadies Tour of Estonia,EE,1.2,One Day,2023/05/27,2023/05/27,GC,,,Flat
2023,Women,Road,13594,GP Ciudad de EibarGP Ciudad de Eibar,ES,1.1,One Day,2023/05/28,2023/05/28,GC,,,Hilly
2023,Women,Road,17077,GP Mazda SchelkensGP Mazda Schelkens,BE,1.2,One Day,2023/05/29,2023/05/29,GC,,,Flat
2023,Women,Road,16502,Vuelta a Andalucia Ruta Del SolVuelta a Andalucia Ruta Del Sol,ES,2.1,Stage Race,2023/05/31,2023/06/04,01,116.9,Alcalá la Real-La Zubia,Hilly
2023,Women,Road,15071,Belgrade GP Woman TourBelgrade GP Woman Tour,RS,2.2,Stage Race,2023/06/03,2023/06/04,01,-,-,Unknown
2023,Women,Road,9811,Dwars door de WesthoekDwars door de Westhoek,BE,1.1,One Day,2023/06/04,2023/06/04,GC,,,Hilly
2023,Women,Road,9913,Vuelta femenina a GuatemalaVuelta femenina a Guatemala,GT,2.2,Stage Race,2023/06/07,2023/06/11,00,1,Ciudad de Guatemala-Ciudad de Guatemala,Flat ITT
2023,Women,Road,16505,CIC-Tour Féminin PyrénéesCIC-Tour Féminin Pyrénées,FR,2.1,Stage Race,2023/06/09,2023/06/11,01,129.2,Argelès Gazost-Lourdes,Hilly
2023,Women,Road,9343,Asia ITTAsia ITT,,CCTT,One Day,2023/06/10,2023/06/10,GC,,,Flat ITT
2023,Women,Road,9345,Asia ITT-U23Asia ITT-U23,,CCUT,One Day,2023/06/10,2023/06/10,GC,,,Flat ITT
2023,Women,Road,15067,Dwars door het HagelandDwars door het Hageland,BE,1.1,One Day,2023/06/10,2023/06/10,GC,,,Cobbles
2023,Women,Road,9853,Flanders Diamond TourFlanders Diamond Tour,BE,1.1,One Day,2023/06/11,2023/06/11,GC,,,Flat
2023,Women,Road,20776,Regiónom Nitrianskeho KrajaRegiónom Nitrianskeho Kraja,SK,1.2,One Day,2023/06/17,2023/06/17,GC,,,Flat ITT
2023,Women,Road,14577,Tour de SuisseTour de Suisse,CH,2.WWT,Stage Race,2023/06/17,2023/06/20,01,56,Weinfelden-Weinfelden,Flat
2023,Women,Road,9064,Giro d'Italia WomenGiro d'Italia Women,IT,2.WWT,Stage Race,2023/06/30,2023/07/09,01,4.4,Chianciano-Chianciano,Flat ITT
2023,Women,Road,20777,GP Mayor Žiar nad HronomGP Mayor Žiar nad Hronom,SK,1.2,One Day,2023/07/01,2023/07/01,GC,,,Flat ITT
2023,Women,Road,20778,Tour de Berlin FemininTour de Berlin Feminin,DE,1.2,One Day,2023/07/02,2023/07/02,GC,,,Flat
2023,Women,Road,10227,Cent.America and Caribbean ITTCent.America and Caribbean ITT,,RCTT,One Day,2023/07/05,2023/07/05,GC,,,Flat ITT
2023,Women,Road,16511,Respect Ladies Race SlovakiaRespect Ladies Race Slovakia,SK,1.2,One Day,2023/07/08,2023/07/08,GC,,,Hilly
2023,Women,Road,13595,2 Districtenpijl - Ekeren-Deurne2 Districtenpijl - Ekeren-Deurne,BE,1.1,One Day,2023/07/09,2023/07/09,GC,,,Flat
2023,Women,Road,21369,Pan Arab Games TTTPan Arab Games TTT,,RCTT,One Day,2023/07/09,2023/07/09,GC,,,TTT
2023,Women,Road,21367,Pan Arab Games ITTPan Arab Games ITT,,RCTT,One Day,2023/07/11,2023/07/11,GC,,,Flat ITT
2023,Women,Road,9904,Baloise Ladies TourBaloise Ladies Tour,BE,2.1,Stage Race,2023/07/12,2023/07/16,00,2.6, Vlissingen- Vlissingen,Flat ITT
2023,Women,Road,18938,Grand Prix Stuttgart & Region,DE,1.2,One Day,2023/07/16,2023/07/16,GC,,,Hilly
2023,Women,Road,15687,Tour de France FemmesTour de France Femmes,FR,2.WWT,Stage Race,2023/07/23,2023/07/30,01,123.8,Clermont-Ferrand-Clermont-Ferrand,Hilly
2023,Women,Road,10106,Vuelta a Colombia FemeninaVuelta a Colombia Femenina,CO,2.2,Stage Race,2023/07/26,2023/07/30,01,48.6,Tunja-Tunja,Flat
2023,Women,Road,16504,Princess Anna Vasa TourPrincess Anna Vasa Tour,PL,2.2,Stage Race,2023/07/28,2023/07/30,01,111.5,Golub-Dobrzyn-Golub-Dobrzyn,Flat
2023,Women,Road,9068,World Championship ITTWorld Championship ITT,,WCTT,One Day,2023/08/10,2023/08/10,GC,,,Flat ITT
2023,Women,Road,12377,La Périgord LadiesLa Périgord Ladies,FR,1.2,One Day,2023/08/12,2023/08/12,GC,,,Hilly
2023,Women,Road,12378,La Picto-CharentaiseLa Picto-Charentaise,FR,1.2,One Day,2023/08/13,2023/08/13,GC,,,Flat
2023,Women,Road,17078,Grote Prijs Yvonne ReyndersGrote Prijs Yvonne Reynders,BE,1.2,One Day,2023/08/15,2023/08/15,GC,,,Flat
2023,Women,Road,17781,Konvert Kortrijk KoerseKonvert Kortrijk Koerse,BE,1.1,One Day,2023/08/18,2023/08/18,GC,,,Flat
2023,Women,Road,14770,GP OetingenGP Oetingen,BE,1.1,One Day,2023/08/19,2023/08/19,GC,,,Flat
2023,Women,Road,20779,Egmont Cycling RaceEgmont Cycling Race,BE,1.2,One Day,2023/08/22,2023/08/22,GC,,,Flat
2023,Women,Road,15688,Tour of ScandinaviaTour of Scandinavia,NO,2.WWT,Stage Race,2023/08/23,2023/08/27,01,124.5,Mysen-Halden,Hilly
2023,Women,Road,9914,Giro Toscana Int. FemminileGiro Toscana Int. Femminile,IT,2.2,Stage Race,2023/08/24,2023/08/27,00,2.2,Campi Bisenzio-Campi Bisenzio,Flat ITT
2023,Women,Road,18940,Tour de l'Avenir FemmesTour de l'Avenir Femmes,FR,2.2U,Stage Race,2023/08/28,2023/09/01,01,14.8,Saint-Vallier-Saint-Vallier,Flat ITT
2023,Women,Road,9057,Classic Lorient AgglomérationClassic Lorient Agglomération,FR,1.WWT,One Day,2023/09/02,2023/09/02,GC,,,Hilly
2023,Women,Road,13601,Grote Prijs BeerensGrote Prijs Beerens,BE,1.1,One Day,2023/09/03,2023/09/03,GC,,,Flat
2023,Women,Road,9906,Tour Feminin l'ArdecheTour Feminin l'Ardeche,FR,2.1,Stage Race,2023/09/05,2023/09/11,01,105.7,Bourg-Saint-Andéol-Ruoms,Hilly
2023,Women,Road,9066,Simac Ladies TourSimac Ladies Tour,NL,2.WWT,Stage Race,2023/09/05,2023/09/10,00,2.4,Ede-Ede,Flat ITT
2023,Women,Road,17099,A Travers les Hauts de FranceA Travers les Hauts de France,FR,1.2,One Day,2023/09/09,2023/09/09,GC,,,Hilly
2023,Women,Road,10950,GP Fourmies WomenGP Fourmies Women,FR,1.2,One Day,2023/09/10,2023/09/10,GC,,,Flat
2023,Women,Road,17169,Grisette Grand Prix de WallonieGrisette Grand Prix de Wallonie,BE,1.1,One Day,2023/09/13,2023/09/13,GC,,,Hilly MTF
2023,Women,Road,9852,Chrono de GatineauChrono de Gatineau,CA,1.1,One Day,2023/09/15,2023/09/15,GC,,,Flat ITT
2023,Women,Road,13609,Watersley Womens ChallengeWatersley Womens Challenge,NL,2.2U,Stage Race,2023/09/15,2023/09/17,01,2.8,Sittard-Geleen-Sittard-Geleen,Flat ITT
2023,Women,Road,16500,Tour de RomandieTour de Romandie,CH,2.WWT,Stage Race,2023/09/15,2023/09/17,01,144.1,Yverdon-les-Bains-Yverdon-les-Bains,Hilly
2023,Women,Road,13600,AG Tour de la SemoisAG Tour de la Semois,BE,2.2,Stage Race,2023/09/15,2023/09/16,01,116.6,Vresse-sur-Semois-Vresse-sur-Semois,Hilly
2023,Women,Road,9921,GP d'IsberguesGP d'Isbergues,FR,1.2,One Day,2023/09/17,2023/09/17,GC,,,Flat
2023,Women,Road,9925,Europe ITT-U23Europe ITT-U23,,CCUT,One Day,2023/09/20,2023/09/20,GC,,,Flat ITT
2023,Women,Road,9923,Europe ITTEurope ITT,,CCTT,One Day,2023/09/20,2023/09/20,GC,,,Flat ITT
2023,Women,Road,9909,Giro dell'EmiliaGiro dell'Emilia,IT,1.Pro,One Day,2023/09/30,2023/09/30,GC,,,Hilly MTF
2023,Women,Road,10242,Asian Games ITTAsian Games ITT,,CCTT,One Day,2023/10/03,2023/10/03,GC,,,Flat ITT
2023,Women,Road,20975,Grand Tour de Ciclismo de SC FemeninaGrand Tour de Ciclismo de SC Femenina,BR,1.2,One Day,2023/10/03,2023/10/03,GC,,,Flat
2023,Women,Road,13689,Tre Valli Varesine WomenTre Valli Varesine Women,IT,1.1,One Day,2023/10/03,2023/10/03,GC,,,Hilly
2023,Women,Road,15070,Binche-Chimay-Binche pour DamesBinche-Chimay-Binche pour Dames,BE,1.1,One Day,2023/10/03,2023/10/03,GC,,,Flat
2023,Women,Road,20976,GP Urubici de Ciclismo FemeninaGP Urubici de Ciclismo Femenina,BR,1.2,One Day,2023/10/04,2023/10/04,GC,,,Hilly MTF
2023,Women,Road,20977,GP de Santa CatarinaGP de Santa Catarina,BR,1.2,One Day,2023/10/05,2023/10/05,GC,,,Flat
2023,Women,Road,10435,Vuelta Costa RicaVuelta Costa Rica,CR,2.2,Stage Race,2023/10/12,2023/10/15,01,113.5,San Isidro-Peñas Blancas,Flat
2023,Women,Road,9060,Tour of Chongming IslandTour of Chongming Island,CN,2.WWT,Stage Race,2023/10/12,2023/10/14,01,108.9,Chongxi-Chongxi,Flat
2023,Women,Road,10567,Campeonato del Caribe ITTCampeonato del Caribe ITT,,1.2,One Day,2023/10/14,2023/10/14,GC,,,Flat ITT
2023,Women,Road,9911,Chrono des NationsChrono des Nations,FR,1.1,One Day,2023/10/15,2023/10/15,GC,,,Flat ITT
2023,Women,Road,9059,Tour of GuangxiTour of Guangxi,CN,1.WWT,One Day,2023/10/17,2023/10/17,GC,,,Flat
2023,Women,Road,12535,Pan-American Games ITTPan-American Games ITT,,CCTT,One Day,2023/10/22,2023/10/22,GC,,,Flat ITT
